{
  "item-states": [
    {
      "folded": false,
      "id": "mount-assets"
    },
    {
      "folded": false,
      "id": "d402fcc8-cb26-48a3-867a-437905de3484"
    },
    {
      "folded": true,
      "id": "2e0f9475-0f4b-4472-b3df-4db636ee48d9"
    },
    {
      "folded": false,
      "id": "d060e83f-1589-41e3-898b-4b498a8422b7"
    },
    {
      "folded": true,
      "id": "f32c3b69-24a9-43ce-b8de-e0cc9501660d"
    },
    {
      "folded": true,
      "id": "780d32c8-7bf3-43cb-b636-686bedaedcae"
    },
    {
      "folded": true,
      "id": "fe883f83-dfc5-4eae-8c82-cc3644f6ffca"
    },
    {
      "folded": true,
      "id": "f2c05152-db1c-4f0b-99ac-898dcd1c105d"
    },
    {
      "folded": true,
      "id": "16ee051b-8e51-4e67-9bc3-e55400f9a5c7"
    },
    {
      "folded": true,
      "id": "797e3ada-3536-4154-ab26-3efff546cf30"
    },
    {
      "folded": true,
      "id": "84f7849e-5a8f-4158-aae5-ab1ae941e4ee"
    },
    {
      "folded": true,
      "id": "4ec91ba4-ef27-422c-9141-b37324f1b566"
    },
    {
      "folded": true,
      "id": "734dab41-db91-4e68-b1b8-2dd3a35b1d50"
    },
    {
      "folded": true,
      "id": "f4c31f34-f008-470f-8a02-cdeced2aa8c1"
    },
    {
      "folded": true,
      "id": "97d45ca7-f3a9-406a-938e-e1409ec94c66"
    },
    {
      "folded": true,
      "id": "f12cf721-8b26-44fc-b90c-0ebc51a14451"
    },
    {
      "folded": true,
      "id": "f4162710-08eb-4114-9921-b1e8cf852349"
    },
    {
      "folded": true,
      "id": "cd63a5eb-712b-4659-8784-adb6db52bc39"
    },
    {
      "folded": true,
      "id": "d473f649-a0e6-45b8-be44-0a86fc450fda"
    },
    {
      "folded": true,
      "id": "d35771ad-2811-4a00-b266-e2cf859e4122"
    },
    {
      "folded": true,
      "id": "e22b728c-ca45-4742-b611-07f34bf75a70"
    },
    {
      "folded": true,
      "id": "8f421228-e819-45e6-b49a-4699200edbe8"
    },
    {
      "folded": true,
      "id": "9e78d1df-1cce-44ae-a1ec-a06a447c14ee"
    },
    {
      "folded": true,
      "id": "c0dfe0bd-ad3c-446a-89a0-9e6e8d58daf2"
    },
    {
      "folded": true,
      "id": "bbcf7ce8-7dba-4273-9455-cf8917e4cf0f"
    }
  ]
}