{
  "version": "1.1.1",
  "windows": {
    "main": {
      "main": true,
      "url": "app://editor/index.html",
      "windowType": "dockable",
      "x": -8,
      "y": -8,
      "width": 1382,
      "height": 784,
      "layout": {
        "children": [
          {
            "children": [
              {
                "active": 0,
                "children": [
                  "hierarchy"
                ],
                "height": 311.984375,
                "type": "panel",
                "width": 208
              },
              {
                "active": 0,
                "children": [
                  "assets"
                ],
                "height": 302,
                "type": "panel",
                "width": 208
              }
            ],
            "height": 617,
            "type": "dock-v",
            "width": 208
          },
          {
            "children": [
              {
                "active": 0,
                "children": [
                  "scene"
                ],
                "height": 348,
                "type": "panel",
                "width": 752
              },
              {
                "active": 1,
                "children": [
                  "console",
                  "timeline"
                ],
                "height": 266,
                "type": "panel",
                "width": 752
              }
            ],
            "height": 617,
            "type": "dock-v",
            "width": 752
          },
          {
            "active": 0,
            "children": [
              "inspector",
              "node-library"
            ],
            "height": 617,
            "type": "panel",
            "width": 394
          }
        ],
        "type": "dock-h"
      },
      "panels": [
        "hierarchy",
        "console",
        "timeline",
        "inspector",
        "node-library",
        "assets",
        "scene"
      ]
    }
  },
  "panels": {
    "console": {
      "x": 475,
      "y": 185,
      "width": 416,
      "height": 338
    },
    "timeline": {
      "x": 364,
      "y": 380,
      "width": 520,
      "height": 338
    },
    "project-settings": {
      "x": 304,
      "y": 111,
      "width": 600,
      "height": 564
    },
    "preferences": {
      "x": 337,
      "y": 124,
      "width": 600,
      "height": 564
    },
    "package-asset.export": {
      "x": 452,
      "y": 109,
      "width": 420,
      "height": 544
    }
  }
}