{
  "f8e6b000-5643-4b86-9080-aa680ce1f599": {
    "asset": 1582983523949,
    "meta": 1534992730000,
    "relativePath": "image"
  },
  "71561142-4c83-4933-afca-cb7a17f67053": {
    "asset": 1534992730000,
    "meta": 1558847693377,
    "relativePath": "image\\default_btn_disabled.png"
  },
  "e851e89b-faa2-4484-bea6-5c01dd9f06e2": {
    "asset": 1534992730000,
    "meta": 1558847693383,
    "relativePath": "image\\default_btn_normal.png"
  },
  "b43ff3c2-02bb-4874-81f7-f2dea6970f18": {
    "asset": 1534992730000,
    "meta": 1558847693426,
    "relativePath": "image\\default_btn_pressed.png"
  },
  "edd215b9-2796-4a05-aaf5-81f96c9281ce": {
    "asset": 1534992730000,
    "meta": 1558847693488,
    "relativePath": "image\\default_editbox_bg.png"
  },
  "d81ec8ad-247c-4e62-aa3c-d35c4193c7af": {
    "asset": 1534992730000,
    "meta": 1558847693507,
    "relativePath": "image\\default_panel.png"
  },
  "99170b0b-d210-46f1-b213-7d9e3f23098a": {
    "asset": 1534992730000,
    "meta": 1558847693518,
    "relativePath": "image\\default_progressbar_bg.png"
  },
  "cfef78f1-c8df-49b7-8ed0-4c953ace2621": {
    "asset": 1534992730000,
    "meta": 1558847693533,
    "relativePath": "image\\default_progressbar.png"
  },
  "567dcd80-8bf4-4535-8a5a-313f1caf078a": {
    "asset": 1534992730000,
    "meta": 1558847693546,
    "relativePath": "image\\default_radio_button_off.png"
  },
  "9d60001f-b5f4-4726-a629-2659e3ded0b8": {
    "asset": 1534992730000,
    "meta": 1558847693560,
    "relativePath": "image\\default_radio_button_on.png"
  },
  "4bab67cb-18e6-4099-b840-355f0473f890": {
    "asset": 1534992730000,
    "meta": 1558847693573,
    "relativePath": "image\\default_scrollbar_bg.png"
  },
  "617323dd-11f4-4dd3-8eec-0caf6b3b45b9": {
    "asset": 1534992730000,
    "meta": 1558847693589,
    "relativePath": "image\\default_scrollbar_vertical_bg.png"
  },
  "d6d3ca85-4681-47c1-b5dd-d036a9d39ea2": {
    "asset": 1534992730000,
    "meta": 1558847693598,
    "relativePath": "image\\default_scrollbar_vertical.png"
  },
  "0291c134-b3da-4098-b7b5-e397edbe947f": {
    "asset": 1534992730000,
    "meta": 1558847693635,
    "relativePath": "image\\default_scrollbar.png"
  },
  "0275e94c-56a7-410f-bd1a-fc7483f7d14a": {
    "asset": 1534992730000,
    "meta": 1558847693642,
    "relativePath": "image\\default_sprite_splash.png"
  },
  "6e056173-d285-473c-b206-40a7fff5386e": {
    "asset": 1534992730000,
    "meta": 1558847693663,
    "relativePath": "image\\default_sprite.png"
  },
  "73a0903d-d80e-4e3c-aa67-f999543c08f5": {
    "asset": 1534992730000,
    "meta": 1558847693669,
    "relativePath": "image\\default_toggle_checkmark.png"
  },
  "c25b9d50-c8fc-4d27-beeb-6e7c1f2e5c0f": {
    "asset": 1534992730000,
    "meta": 1558847693699,
    "relativePath": "image\\default_toggle_disabled.png"
  },
  "d29077ba-1627-4a72-9579-7b56a235340c": {
    "asset": 1534992730000,
    "meta": 1558847693708,
    "relativePath": "image\\default_toggle_normal.png"
  },
  "fc09f9bd-2cce-4605-b630-8145ef809ed6": {
    "asset": 1582983524100,
    "meta": 1534992730000,
    "relativePath": "misc"
  },
  "b181c1e4-0a72-4a91-bfb0-ae6f36ca60bd": {
    "asset": 1534992730000,
    "meta": 1558847693730,
    "relativePath": "image\\default_toggle_pressed.png"
  },
  "f6e6dd15-71d1-4ffe-ace7-24fd39942c05": {
    "asset": 1582983524166,
    "meta": 1534992730000,
    "relativePath": "obsolete"
  },
  "2be36297-9abb-4fee-8049-9ed5e271da8a": {
    "asset": 1534992730000,
    "meta": 1558847693753,
    "relativePath": "misc\\default_video.mp4"
  },
  "f743d2b6-b7ea-4c14-a55b-547ed4d0a045": {
    "asset": 1582983524198,
    "meta": 1534992730000,
    "relativePath": "particle"
  },
  "b8223619-7e38-47c4-841f-9160c232495a": {
    "asset": 1534992730000,
    "meta": 1558847693994,
    "relativePath": "obsolete\\atom.plist"
  },
  "8a96b965-2dc0-4e03-aa90-3b79cb93b5b4": {
    "asset": 1534992730000,
    "meta": 1558847693782,
    "relativePath": "obsolete\\atom.png"
  },
  "ae6c6c98-11e4-452f-8758-75f5c6a56e83": {
    "asset": 1582983524423,
    "meta": 1534992730000,
    "relativePath": "prefab"
  },
  "b2687ac4-099e-403c-a192-ff477686f4f5": {
    "asset": 1534992730000,
    "meta": 1558847693997,
    "relativePath": "particle\\atom.plist"
  },
  "d0a82d39-bede-46c4-b698-c81ff0dedfff": {
    "asset": 1534992730000,
    "meta": 1558847693792,
    "relativePath": "particle\\atom.png"
  },
  "972b9a4d-47ee-4c74-b5c3-61d8a69bc29f": {
    "asset": 1534992730000,
    "meta": 1558847693807,
    "relativePath": "prefab\\button.prefab"
  },
  "2c937608-2562-40ea-b264-7395df6f0cea": {
    "asset": 1534992730000,
    "meta": 1558847693810,
    "relativePath": "prefab\\canvas.prefab"
  },
  "27756ebb-3d33-44b0-9b96-e858fadd4dd4": {
    "asset": 1534992730000,
    "meta": 1558847693817,
    "relativePath": "prefab\\label.prefab"
  },
  "61aeb05b-3b32-452b-8eed-2b76deeed554": {
    "asset": 1534992730000,
    "meta": 1558847693822,
    "relativePath": "prefab\\editbox.prefab"
  },
  "785a442c-3ceb-45be-a46e-7317f625f3b9": {
    "asset": 1534992730000,
    "meta": 1558847693828,
    "relativePath": "prefab\\layout.prefab"
  },
  "ca8401fe-ad6e-41a8-bd46-8e3e4e9945be": {
    "asset": 1534992730000,
    "meta": 1558847693834,
    "relativePath": "prefab\\pageview.prefab"
  },
  "cd33edea-55f5-46c2-958d-357a01384a36": {
    "asset": 1534992730000,
    "meta": 1558847693856,
    "relativePath": "prefab\\particlesystem.prefab"
  },
  "5965ffac-69da-4b55-bcde-9225d0613c28": {
    "asset": 1534992730000,
    "meta": 1558847693858,
    "relativePath": "prefab\\progressBar.prefab"
  },
  "4a37dd57-78cd-4cec-aad4-f11a73d12b63": {
    "asset": 1534992730000,
    "meta": 1558847693864,
    "relativePath": "prefab\\richtext.prefab"
  },
  "32044bd2-481f-4cf1-a656-e2b2fb1594eb": {
    "asset": 1534992730000,
    "meta": 1558847693871,
    "relativePath": "prefab\\scrollview.prefab"
  },
  "0004d1cf-a0ad-47d8-ab17-34d3db9d35a3": {
    "asset": 1534992730000,
    "meta": 1558847693877,
    "relativePath": "prefab\\slider.prefab"
  },
  "1f55e3be-b89b-4b79-88de-47fd31018044": {
    "asset": 1534992730000,
    "meta": 1558847693890,
    "relativePath": "prefab\\sprite_splash.prefab"
  },
  "96083d03-c332-4a3f-9386-d03e2d19e8ee": {
    "asset": 1534992730000,
    "meta": 1558847693893,
    "relativePath": "prefab\\sprite.prefab"
  },
  "7de03a80-4457-438d-95a7-3e7cdffd6086": {
    "asset": 1534992730000,
    "meta": 1558847693902,
    "relativePath": "prefab\\tiledmap.prefab"
  },
  "0e42ba95-1fa1-46aa-b2cf-143cd1bcee2c": {
    "asset": 1534992730000,
    "meta": 1558847693904,
    "relativePath": "prefab\\tiledtile.prefab"
  },
  "0d784963-d024-4ea6-a7db-03be0ad63010": {
    "asset": 1534992730000,
    "meta": 1558847693909,
    "relativePath": "prefab\\toggle.prefab"
  },
  "bf0a434c-84dd-4a8e-a08a-7a36f180cc75": {
    "asset": 1534992730000,
    "meta": 1558847693918,
    "relativePath": "prefab\\toggleContainer.prefab"
  },
  "d1b8be49-b0a0-435c-83b7-552bed4bbe35": {
    "asset": 1534992730000,
    "meta": 1558847693925,
    "relativePath": "prefab\\toggleGroup.prefab"
  },
  "232d2782-c4bd-4bb4-9e01-909f03d6d3b9": {
    "asset": 1534992730000,
    "meta": 1558847693931,
    "relativePath": "prefab\\videoplayer.prefab"
  },
  "8c5001fd-07ee-4a4b-a8a0-63e15195e94d": {
    "asset": 1534992730000,
    "meta": 1558847693935,
    "relativePath": "prefab\\webview.prefab"
  },
  "2e0f9475-0f4b-4472-b3df-4db636ee48d9": {
    "asset": 1558848158873,
    "meta": 1558848020028,
    "relativePath": "scenes"
  },
  "d402fcc8-cb26-48a3-867a-437905de3484": {
    "asset": 1558922451688,
    "meta": 1558848066361,
    "relativePath": "res"
  },
  "d060e83f-1589-41e3-898b-4b498a8422b7": {
    "asset": 1558966856321,
    "meta": 1558848075665,
    "relativePath": "scripts"
  },
  "b20dff13-6de3-457b-b1cc-ed4e31c225d0": {
    "asset": 1558969619607,
    "meta": 1558969619682,
    "relativePath": "scenes\\game_scene.fire"
  },
  "fe883f83-dfc5-4eae-8c82-cc3644f6ffca": {
    "asset": 1558850100602,
    "meta": 1558850101134,
    "relativePath": "res\\18.png"
  },
  "16ee051b-8e51-4e67-9bc3-e55400f9a5c7": {
    "asset": 1558850100603,
    "meta": 1558850101163,
    "relativePath": "res\\19.png"
  },
  "f4c31f34-f008-470f-8a02-cdeced2aa8c1": {
    "asset": 1558850100604,
    "meta": 1558850101169,
    "relativePath": "res\\22.png"
  },
  "4ec91ba4-ef27-422c-9141-b37324f1b566": {
    "asset": 1558850100604,
    "meta": 1558850101191,
    "relativePath": "res\\21.png"
  },
  "9e78d1df-1cce-44ae-a1ec-a06a447c14ee": {
    "asset": 1558850100603,
    "meta": 1558850101196,
    "relativePath": "res\\20.png"
  },
  "f12cf721-8b26-44fc-b90c-0ebc51a14451": {
    "asset": 1558850100605,
    "meta": 1558850101221,
    "relativePath": "res\\23.png"
  },
  "cd63a5eb-712b-4659-8784-adb6db52bc39": {
    "asset": 1558850100606,
    "meta": 1558850101228,
    "relativePath": "res\\24.png"
  },
  "8f421228-e819-45e6-b49a-4699200edbe8": {
    "asset": 1558850100606,
    "meta": 1558850101256,
    "relativePath": "res\\26.png"
  },
  "d35771ad-2811-4a00-b266-e2cf859e4122": {
    "asset": 1558850100606,
    "meta": 1558850101261,
    "relativePath": "res\\25.png"
  },
  "d473f649-a0e6-45b8-be44-0a86fc450fda": {
    "asset": 1558850100608,
    "meta": 1558850101282,
    "relativePath": "res\\28.png"
  },
  "e22b728c-ca45-4742-b611-07f34bf75a70": {
    "asset": 1558850100608,
    "meta": 1558850101302,
    "relativePath": "res\\27.png"
  },
  "f4162710-08eb-4114-9921-b1e8cf852349": {
    "asset": 1558850100608,
    "meta": 1558850101363,
    "relativePath": "res\\29.png"
  },
  "97d45ca7-f3a9-406a-938e-e1409ec94c66": {
    "asset": 1558850100609,
    "meta": 1558850101371,
    "relativePath": "res\\30.png"
  },
  "84f7849e-5a8f-4158-aae5-ab1ae941e4ee": {
    "asset": 1558850100610,
    "meta": 1558850101396,
    "relativePath": "res\\32.png"
  },
  "797e3ada-3536-4154-ab26-3efff546cf30": {
    "asset": 1558850100610,
    "meta": 1558850101401,
    "relativePath": "res\\33.png"
  },
  "734dab41-db91-4e68-b1b8-2dd3a35b1d50": {
    "asset": 1558850100610,
    "meta": 1558850101428,
    "relativePath": "res\\31.png"
  },
  "780d32c8-7bf3-43cb-b636-686bedaedcae": {
    "asset": 1558850100612,
    "meta": 1558850101471,
    "relativePath": "res\\2.png"
  },
  "f32c3b69-24a9-43ce-b8de-e0cc9501660d": {
    "asset": 1558850100611,
    "meta": 1558850101642,
    "relativePath": "res\\1.png"
  },
  "f2c05152-db1c-4f0b-99ac-898dcd1c105d": {
    "asset": 1558851745482,
    "meta": 1558851745567,
    "relativePath": "res\\37.jpg"
  },
  "bbcf7ce8-7dba-4273-9455-cf8917e4cf0f": {
    "asset": 1558881703595,
    "meta": 1558881703888,
    "relativePath": "res\\19.plist"
  },
  "c0dfe0bd-ad3c-446a-89a0-9e6e8d58daf2": {
    "asset": 1558920591328,
    "meta": 1558920591400,
    "relativePath": "res\\1.plist"
  },
  "01e963fd-6073-4c1f-81fd-8ab47d014563": {
    "asset": 1558927538025,
    "meta": 1558929595828,
    "relativePath": "scripts\\enable_phy.js"
  },
  "6b904515-5042-40b6-b527-11b4b7a78d24": {
    "asset": 1558945516344,
    "meta": 1558945520058,
    "relativePath": "scripts\\cue.js"
  },
  "8dc0327a-f9cd-461b-ad69-e5c0a3a068ac": {
    "asset": 1558946469290,
    "meta": 1558946493216,
    "relativePath": "scripts\\white_ball.js"
  },
  "8e5a9e75-82d0-4fb2-98b5-444a198819c6": {
    "asset": 1558969244218,
    "meta": 1558969247266,
    "relativePath": "scripts\\ball.js"
  },
  "191a36c6-63ce-433d-8e9e-095aacc0b90d": {
    "asset": 1558969601804,
    "meta": 1558969603526,
    "relativePath": "scripts\\game_sence.js"
  }
}