{
  "__type__": "cc.SpriteAtlas",
  "_name": "19.plist",
  "_objFlags": 0,
  "_native": "",
  "_spriteFrames": {
    "18": {
      "__uuid__": "273bbf04-1129-456a-ab5e-0aebe8552792"
    },
    "19": {
      "__uuid__": "0ef66739-0f92-4db7-a0d9-7ad3120cb1fe"
    },
    "20": {
      "__uuid__": "6e359471-ff1f-496a-9bc5-b372d5adf58f"
    },
    "21": {
      "__uuid__": "188d6bb0-7131-465c-96a8-89e389165bc7"
    },
    "22": {
      "__uuid__": "0e9e4004-9dc0-483e-ad05-f46600fc3010"
    },
    "23": {
      "__uuid__": "add151d5-57aa-4dac-9aeb-b10188ced94f"
    },
    "24": {
      "__uuid__": "8a7d9dc2-4be5-4914-9271-9de93e7c60c0"
    },
    "25": {
      "__uuid__": "18f5f642-568d-4554-81f5-a0e8b3b37ce4"
    },
    "26": {
      "__uuid__": "7fbfb950-9531-43d0-b649-4e0f79eb9c0a"
    },
    "27": {
      "__uuid__": "833298b2-9ec5-4576-8e60-a03a96a67feb"
    },
    "28": {
      "__uuid__": "c920b6ff-acb8-40e0-afee-18ed92c2c17f"
    },
    "29": {
      "__uuid__": "724f1f6d-5ca4-4333-8944-8cebdbd334a6"
    },
    "30": {
      "__uuid__": "206f99a4-400d-43e0-bd4f-38a5b2aad31f"
    },
    "31": {
      "__uuid__": "9eabe0d2-eec7-409a-9533-101198dcb017"
    },
    "32": {
      "__uuid__": "59deefc1-3462-42da-bb36-14a3a19d297e"
    },
    "33": {
      "__uuid__": "11c0857c-5784-48f5-8bd6-358c1d9ecc30"
    }
  }
}