[
  {
    "__type__": "cc.SceneAsset",
    "_name": "game_scene",
    "_objFlags": 0,
    "_native": "",
    "scene": {
      "__id__": 1
    },
    "asyncLoadAssets": false
  },
  {
    "__type__": "cc.Scene",
    "_objFlags": 0,
    "_parent": null,
    "_children": [
      {
        "__id__": 2
      }
    ],
    "_active": true,
    "_level": 0,
    "_components": [],
    "_prefab": null,
    "_opacity": 255,
    "_color": {
      "__type__": "cc.Color",
      "r": 255,
      "g": 255,
      "b": 255,
      "a": 255
    },
    "_contentSize": {
      "__type__": "cc.Size",
      "width": 0,
      "height": 0
    },
    "_anchorPoint": {
      "__type__": "cc.Vec2",
      "x": 0,
      "y": 0
    },
    "_scale": {
      "__type__": "cc.Vec3",
      "x": 0.8467453123625263,
      "y": 0.8467453123625263,
      "z": 1
    },
    "_quat": {
      "__type__": "cc.Quat",
      "x": 0,
      "y": 0,
      "z": 0,
      "w": 1
    },
    "_zIndex": 0,
    "groupIndex": 0,
    "autoReleaseAssets": false,
    "_id": "b20dff13-6de3-457b-b1cc-ed4e31c225d0"
  },
  {
    "__type__": "cc.Node",
    "_name": "Canvas",
    "_objFlags": 0,
    "_parent": {
      "__id__": 1
    },
    "_children": [
      {
        "__id__": 3
      },
      {
        "__id__": 5
      },
      {
        "__id__": 7
      },
      {
        "__id__": 37
      },
      {
        "__id__": 113
      },
      {
        "__id__": 118
      },
      {
        "__id__": 123
      }
    ],
    "_active": true,
    "_level": 1,
    "_components": [
      {
        "__id__": 130
      },
      {
        "__id__": 131
      },
      {
        "__id__": 132
      }
    ],
    "_prefab": null,
    "_opacity": 255,
    "_color": {
      "__type__": "cc.Color",
      "r": 255,
      "g": 255,
      "b": 255,
      "a": 255
    },
    "_contentSize": {
      "__type__": "cc.Size",
      "width": 414,
      "height": 736
    },
    "_anchorPoint": {
      "__type__": "cc.Vec2",
      "x": 0.5,
      "y": 0.5
    },
    "_position": {
      "__type__": "cc.Vec3",
      "x": 207,
      "y": 368,
      "z": 0
    },
    "_scale": {
      "__type__": "cc.Vec3",
      "x": 1,
      "y": 1,
      "z": 1
    },
    "_rotationX": 0,
    "_rotationY": 0,
    "_quat": {
      "__type__": "cc.Quat",
      "x": 0,
      "y": 0,
      "z": 0,
      "w": 1
    },
    "_skewX": 0,
    "_skewY": 0,
    "_zIndex": 0,
    "groupIndex": 1,
    "_id": "96ypHl2lxHlrl2zpKdygXf"
  },
  {
    "__type__": "cc.Node",
    "_name": "Main Camera",
    "_objFlags": 0,
    "_parent": {
      "__id__": 2
    },
    "_children": [],
    "_active": true,
    "_level": 2,
    "_components": [
      {
        "__id__": 4
      }
    ],
    "_prefab": null,
    "_opacity": 255,
    "_color": {
      "__type__": "cc.Color",
      "r": 255,
      "g": 255,
      "b": 255,
      "a": 255
    },
    "_contentSize": {
      "__type__": "cc.Size",
      "width": 0,
      "height": 0
    },
    "_anchorPoint": {
      "__type__": "cc.Vec2",
      "x": 0.5,
      "y": 0.5
    },
    "_position": {
      "__type__": "cc.Vec3",
      "x": 0,
      "y": 0,
      "z": 0
    },
    "_scale": {
      "__type__": "cc.Vec3",
      "x": 1,
      "y": 1,
      "z": 1
    },
    "_rotationX": 0,
    "_rotationY": 0,
    "_quat": {
      "__type__": "cc.Quat",
      "x": 0,
      "y": 0,
      "z": 0,
      "w": 1
    },
    "_skewX": 0,
    "_skewY": 0,
    "_zIndex": 0,
    "groupIndex": 0,
    "_id": "f4AboIgfNIlKdmY9f7h6kq"
  },
  {
    "__type__": "cc.Camera",
    "_name": "",
    "_objFlags": 0,
    "node": {
      "__id__": 3
    },
    "_enabled": true,
    "_cullingMask": 4294967295,
    "_clearFlags": 7,
    "_backgroundColor": {
      "__type__": "cc.Color",
      "r": 0,
      "g": 0,
      "b": 0,
      "a": 255
    },
    "_depth": -1,
    "_zoomRatio": 1,
    "_targetTexture": null,
    "_id": "4dxDZyPTBFfr0OpQ3y505J"
  },
  {
    "__type__": "cc.Node",
    "_name": "37",
    "_objFlags": 0,
    "_parent": {
      "__id__": 2
    },
    "_children": [],
    "_active": true,
    "_level": 2,
    "_components": [
      {
        "__id__": 6
      }
    ],
    "_prefab": null,
    "_opacity": 255,
    "_color": {
      "__type__": "cc.Color",
      "r": 255,
      "g": 255,
      "b": 255,
      "a": 255
    },
    "_contentSize": {
      "__type__": "cc.Size",
      "width": 414,
      "height": 736
    },
    "_anchorPoint": {
      "__type__": "cc.Vec2",
      "x": 0.5,
      "y": 0.5
    },
    "_position": {
      "__type__": "cc.Vec3",
      "x": 0,
      "y": 0,
      "z": 0
    },
    "_scale": {
      "__type__": "cc.Vec3",
      "x": 1,
      "y": 1,
      "z": 1
    },
    "_rotationX": 0,
    "_rotationY": 0,
    "_quat": {
      "__type__": "cc.Quat",
      "x": 0,
      "y": 0,
      "z": 0,
      "w": 1
    },
    "_skewX": 0,
    "_skewY": 0,
    "_zIndex": 0,
    "groupIndex": 0,
    "_id": "31IBUMSYFKa7IbSxzlCyQG"
  },
  {
    "__type__": "cc.Sprite",
    "_name": "",
    "_objFlags": 0,
    "node": {
      "__id__": 5
    },
    "_enabled": true,
    "_srcBlendFactor": 770,
    "_dstBlendFactor": 771,
    "_spriteFrame": {
      "__uuid__": "2e55c202-6e75-410d-b3f9-1f681cb28ee8"
    },
    "_type": 0,
    "_sizeMode": 0,
    "_fillType": 0,
    "_fillCenter": {
      "__type__": "cc.Vec2",
      "x": 0,
      "y": 0
    },
    "_fillStart": 0,
    "_fillRange": 0,
    "_isTrimmedMode": true,
    "_state": 0,
    "_atlas": null,
    "_id": "73id7yckxNPZZADdDjjy+N"
  },
  {
    "__type__": "cc.Node",
    "_name": "game_table",
    "_objFlags": 0,
    "_parent": {
      "__id__": 2
    },
    "_children": [
      {
        "__id__": 8
      },
      {
        "__id__": 10
      },
      {
        "__id__": 18
      }
    ],
    "_active": true,
    "_level": 2,
    "_components": [],
    "_prefab": null,
    "_opacity": 255,
    "_color": {
      "__type__": "cc.Color",
      "r": 255,
      "g": 255,
      "b": 255,
      "a": 255
    },
    "_contentSize": {
      "__type__": "cc.Size",
      "width": 0,
      "height": 0
    },
    "_anchorPoint": {
      "__type__": "cc.Vec2",
      "x": 0.5,
      "y": 0.5
    },
    "_position": {
      "__type__": "cc.Vec3",
      "x": 0,
      "y": 0,
      "z": 0
    },
    "_scale": {
      "__type__": "cc.Vec3",
      "x": 1,
      "y": 1,
      "z": 1
    },
    "_rotationX": 0,
    "_rotationY": 0,
    "_quat": {
      "__type__": "cc.Quat",
      "x": 0,
      "y": 0,
      "z": 0,
      "w": 1
    },
    "_skewX": 0,
    "_skewY": 0,
    "_zIndex": 0,
    "groupIndex": 0,
    "_id": "76N/JEHC9M+qIi7zHe82of"
  },
  {
    "__type__": "cc.Node",
    "_name": "1",
    "_objFlags": 0,
    "_parent": {
      "__id__": 7
    },
    "_children": [],
    "_active": true,
    "_level": 3,
    "_components": [
      {
        "__id__": 9
      }
    ],
    "_prefab": null,
    "_opacity": 255,
    "_color": {
      "__type__": "cc.Color",
      "r": 255,
      "g": 255,
      "b": 255,
      "a": 255
    },
    "_contentSize": {
      "__type__": "cc.Size",
      "width": 513,
      "height": 330
    },
    "_anchorPoint": {
      "__type__": "cc.Vec2",
      "x": 0.5,
      "y": 0.5
    },
    "_position": {
      "__type__": "cc.Vec3",
      "x": 0,
      "y": 0,
      "z": 0
    },
    "_scale": {
      "__type__": "cc.Vec3",
      "x": 1,
      "y": 1,
      "z": 1
    },
    "_rotationX": 90,
    "_rotationY": 90,
    "_quat": {
      "__type__": "cc.Quat",
      "x": 0,
      "y": 0,
      "z": -0.7071067811865475,
      "w": 0.7071067811865476
    },
    "_skewX": 0,
    "_skewY": 0,
    "_zIndex": 0,
    "groupIndex": 0,
    "_id": "559jjci8NGpbQ0qyFvlJwY"
  },
  {
    "__type__": "cc.Sprite",
    "_name": "",
    "_objFlags": 0,
    "node": {
      "__id__": 8
    },
    "_enabled": true,
    "_srcBlendFactor": 770,
    "_dstBlendFactor": 771,
    "_spriteFrame": {
      "__uuid__": "0f4000d6-87dc-4ccb-a76d-34c19dcf9f6c"
    },
    "_type": 0,
    "_sizeMode": 0,
    "_fillType": 0,
    "_fillCenter": {
      "__type__": "cc.Vec2",
      "x": 0,
      "y": 0
    },
    "_fillStart": 0,
    "_fillRange": 0,
    "_isTrimmedMode": true,
    "_state": 0,
    "_atlas": null,
    "_id": "a0/e0xSQJORImTEKQOe8Am"
  },
  {
    "__type__": "cc.Node",
    "_name": "phy_edage",
    "_objFlags": 0,
    "_parent": {
      "__id__": 7
    },
    "_children": [],
    "_active": true,
    "_level": 3,
    "_components": [
      {
        "__id__": 11
      },
      {
        "__id__": 12
      },
      {
        "__id__": 13
      },
      {
        "__id__": 14
      },
      {
        "__id__": 15
      },
      {
        "__id__": 16
      },
      {
        "__id__": 17
      }
    ],
    "_prefab": null,
    "_opacity": 255,
    "_color": {
      "__type__": "cc.Color",
      "r": 255,
      "g": 255,
      "b": 255,
      "a": 255
    },
    "_contentSize": {
      "__type__": "cc.Size",
      "width": 0,
      "height": 0
    },
    "_anchorPoint": {
      "__type__": "cc.Vec2",
      "x": 0.5,
      "y": 0.5
    },
    "_position": {
      "__type__": "cc.Vec3",
      "x": 0,
      "y": 0,
      "z": 0
    },
    "_scale": {
      "__type__": "cc.Vec3",
      "x": 1,
      "y": 1,
      "z": 1
    },
    "_rotationX": 0,
    "_rotationY": 0,
    "_quat": {
      "__type__": "cc.Quat",
      "x": 0,
      "y": 0,
      "z": 0,
      "w": 1
    },
    "_skewX": 0,
    "_skewY": 0,
    "_zIndex": 0,
    "groupIndex": 1,
    "_id": "44SRvTfbdJfr93ocBfprNO"
  },
  {
    "__type__": "cc.RigidBody",
    "_name": "",
    "_objFlags": 0,
    "node": {
      "__id__": 10
    },
    "_enabled": true,
    "_type": 0,
    "_allowSleep": true,
    "_gravityScale": 1,
    "_linearDamping": 0,
    "_angularDamping": 0,
    "_linearVelocity": {
      "__type__": "cc.Vec2",
      "x": 0,
      "y": 0
    },
    "_angularVelocity": 0,
    "_fixedRotation": false,
    "enabledContactListener": false,
    "bullet": false,
    "_id": "84Mvo5VwxLuJ9/Xc1xl6mQ"
  },
  {
    "__type__": "cc.PhysicsBoxCollider",
    "_name": "",
    "_objFlags": 0,
    "node": {
      "__id__": 10
    },
    "_enabled": true,
    "tag": 0,
    "_density": 1,
    "_sensor": false,
    "_friction": 0.2,
    "_restitution": 0,
    "body": null,
    "_offset": {
      "__type__": "cc.Vec2",
      "x": -142.2,
      "y": 115.6
    },
    "_size": {
      "__type__": "cc.Size",
      "width": 9.7,
      "height": 198.9
    },
    "_id": "a81Ts9nPhDjaeyHwY13EBn"
  },
  {
    "__type__": "cc.PhysicsBoxCollider",
    "_name": "",
    "_objFlags": 0,
    "node": {
      "__id__": 10
    },
    "_enabled": true,
    "tag": 0,
    "_density": 1,
    "_sensor": false,
    "_friction": 0.2,
    "_restitution": 0,
    "body": null,
    "_offset": {
      "__type__": "cc.Vec2",
      "x": 139,
      "y": 115
    },
    "_size": {
      "__type__": "cc.Size",
      "width": 10,
      "height": 199
    },
    "_id": "aa+wJpYStNhZ1QpPUEKUDZ"
  },
  {
    "__type__": "cc.PhysicsBoxCollider",
    "_name": "",
    "_objFlags": 0,
    "node": {
      "__id__": 10
    },
    "_enabled": true,
    "tag": 0,
    "_density": 1,
    "_sensor": false,
    "_friction": 0.2,
    "_restitution": 0,
    "body": null,
    "_offset": {
      "__type__": "cc.Vec2",
      "x": 139,
      "y": -117
    },
    "_size": {
      "__type__": "cc.Size",
      "width": 10,
      "height": 199
    },
    "_id": "94Ev8BqSJCwKaNMS0qUV70"
  },
  {
    "__type__": "cc.PhysicsBoxCollider",
    "_name": "",
    "_objFlags": 0,
    "node": {
      "__id__": 10
    },
    "_enabled": true,
    "tag": 0,
    "_density": 1,
    "_sensor": false,
    "_friction": 0.2,
    "_restitution": 0,
    "body": null,
    "_offset": {
      "__type__": "cc.Vec2",
      "x": -142,
      "y": -115.8
    },
    "_size": {
      "__type__": "cc.Size",
      "width": 10,
      "height": 199
    },
    "_id": "a32G+FfVVByrc1AXg2Ljjc"
  },
  {
    "__type__": "cc.PhysicsBoxCollider",
    "_name": "",
    "_objFlags": 0,
    "node": {
      "__id__": 10
    },
    "_enabled": true,
    "tag": 0,
    "_density": 1,
    "_sensor": false,
    "_friction": 0.2,
    "_restitution": 0,
    "body": null,
    "_offset": {
      "__type__": "cc.Vec2",
      "x": -1.1,
      "y": 235.3
    },
    "_size": {
      "__type__": "cc.Size",
      "width": 238.4,
      "height": 7.6
    },
    "_id": "7aTSZqA8ZOZoBlAajNEi/E"
  },
  {
    "__type__": "cc.PhysicsBoxCollider",
    "_name": "",
    "_objFlags": 0,
    "node": {
      "__id__": 10
    },
    "_enabled": true,
    "tag": 0,
    "_density": 1,
    "_sensor": false,
    "_friction": 0.2,
    "_restitution": 0,
    "body": null,
    "_offset": {
      "__type__": "cc.Vec2",
      "x": -1.1,
      "y": -235.3
    },
    "_size": {
      "__type__": "cc.Size",
      "width": 238,
      "height": 8
    },
    "_id": "c58wcMQBVDpZGLJ9ldIVTC"
  },
  {
    "__type__": "cc.Node",
    "_name": "phy_pocket",
    "_objFlags": 0,
    "_parent": {
      "__id__": 7
    },
    "_children": [
      {
        "__id__": 19
      },
      {
        "__id__": 22
      },
      {
        "__id__": 25
      },
      {
        "__id__": 28
      },
      {
        "__id__": 31
      },
      {
        "__id__": 34
      }
    ],
    "_active": true,
    "_level": 3,
    "_components": [],
    "_prefab": null,
    "_opacity": 255,
    "_color": {
      "__type__": "cc.Color",
      "r": 255,
      "g": 255,
      "b": 255,
      "a": 255
    },
    "_contentSize": {
      "__type__": "cc.Size",
      "width": 0,
      "height": 0
    },
    "_anchorPoint": {
      "__type__": "cc.Vec2",
      "x": 0.5,
      "y": 0.5
    },
    "_position": {
      "__type__": "cc.Vec3",
      "x": 0,
      "y": 0,
      "z": 0
    },
    "_scale": {
      "__type__": "cc.Vec3",
      "x": 1,
      "y": 1,
      "z": 1
    },
    "_rotationX": 0,
    "_rotationY": 0,
    "_quat": {
      "__type__": "cc.Quat",
      "x": 0,
      "y": 0,
      "z": 0,
      "w": 1
    },
    "_skewX": 0,
    "_skewY": 0,
    "_zIndex": 0,
    "groupIndex": 2,
    "_id": "32tAVo/PRE6qN0Id2QvD50"
  },
  {
    "__type__": "cc.Node",
    "_name": "1",
    "_objFlags": 0,
    "_parent": {
      "__id__": 18
    },
    "_children": [],
    "_active": true,
    "_level": 4,
    "_components": [
      {
        "__id__": 20
      },
      {
        "__id__": 21
      }
    ],
    "_prefab": null,
    "_opacity": 255,
    "_color": {
      "__type__": "cc.Color",
      "r": 255,
      "g": 255,
      "b": 255,
      "a": 255
    },
    "_contentSize": {
      "__type__": "cc.Size",
      "width": 0,
      "height": 0
    },
    "_anchorPoint": {
      "__type__": "cc.Vec2",
      "x": 0.5,
      "y": 0.5
    },
    "_position": {
      "__type__": "cc.Vec3",
      "x": 0,
      "y": 0,
      "z": 0
    },
    "_scale": {
      "__type__": "cc.Vec3",
      "x": 1,
      "y": 1,
      "z": 1
    },
    "_rotationX": 0,
    "_rotationY": 0,
    "_quat": {
      "__type__": "cc.Quat",
      "x": 0,
      "y": 0,
      "z": 0,
      "w": 1
    },
    "_skewX": 0,
    "_skewY": 0,
    "_zIndex": 0,
    "groupIndex": 2,
    "_id": "690fbtj9xMH4Y63s8K8lM+"
  },
  {
    "__type__": "cc.RigidBody",
    "_name": "",
    "_objFlags": 0,
    "node": {
      "__id__": 19
    },
    "_enabled": true,
    "_type": 0,
    "_allowSleep": true,
    "_gravityScale": 1,
    "_linearDamping": 0,
    "_angularDamping": 0,
    "_linearVelocity": {
      "__type__": "cc.Vec2",
      "x": 0,
      "y": 0
    },
    "_angularVelocity": 0,
    "_fixedRotation": false,
    "enabledContactListener": false,
    "bullet": false,
    "_id": "47OMMTyh5AFbfrx+nvGr5T"
  },
  {
    "__type__": "cc.PhysicsCircleCollider",
    "_name": "",
    "_objFlags": 0,
    "node": {
      "__id__": 19
    },
    "_enabled": true,
    "tag": 0,
    "_density": 1,
    "_sensor": true,
    "_friction": 0.2,
    "_restitution": 0,
    "body": null,
    "_offset": {
      "__type__": "cc.Vec2",
      "x": -138.7,
      "y": 231.7
    },
    "_radius": 12.5,
    "_id": "57ragNC9NIyYzXFalGF0vV"
  },
  {
    "__type__": "cc.Node",
    "_name": "2",
    "_objFlags": 0,
    "_parent": {
      "__id__": 18
    },
    "_children": [],
    "_active": true,
    "_level": 4,
    "_components": [
      {
        "__id__": 23
      },
      {
        "__id__": 24
      }
    ],
    "_prefab": null,
    "_opacity": 255,
    "_color": {
      "__type__": "cc.Color",
      "r": 255,
      "g": 255,
      "b": 255,
      "a": 255
    },
    "_contentSize": {
      "__type__": "cc.Size",
      "width": 0,
      "height": 0
    },
    "_anchorPoint": {
      "__type__": "cc.Vec2",
      "x": 0.5,
      "y": 0.5
    },
    "_position": {
      "__type__": "cc.Vec3",
      "x": 0,
      "y": 0,
      "z": 0
    },
    "_scale": {
      "__type__": "cc.Vec3",
      "x": 1,
      "y": 1,
      "z": 1
    },
    "_rotationX": 0,
    "_rotationY": 0,
    "_quat": {
      "__type__": "cc.Quat",
      "x": 0,
      "y": 0,
      "z": 0,
      "w": 1
    },
    "_skewX": 0,
    "_skewY": 0,
    "_zIndex": 0,
    "groupIndex": 2,
    "_id": "5aRxfbJlxGd54rRBKSMh4O"
  },
  {
    "__type__": "cc.RigidBody",
    "_name": "",
    "_objFlags": 0,
    "node": {
      "__id__": 22
    },
    "_enabled": true,
    "_type": 0,
    "_allowSleep": true,
    "_gravityScale": 1,
    "_linearDamping": 0,
    "_angularDamping": 0,
    "_linearVelocity": {
      "__type__": "cc.Vec2",
      "x": 0,
      "y": 0
    },
    "_angularVelocity": 0,
    "_fixedRotation": false,
    "enabledContactListener": false,
    "bullet": false,
    "_id": "52gzCBbrhMbqevHdqXzvGO"
  },
  {
    "__type__": "cc.PhysicsCircleCollider",
    "_name": "",
    "_objFlags": 0,
    "node": {
      "__id__": 22
    },
    "_enabled": true,
    "tag": 0,
    "_density": 1,
    "_sensor": true,
    "_friction": 0.2,
    "_restitution": 0,
    "body": null,
    "_offset": {
      "__type__": "cc.Vec2",
      "x": -139.5,
      "y": -231.5
    },
    "_radius": 12.5,
    "_id": "c972coik5K5q5G2sf8EIFV"
  },
  {
    "__type__": "cc.Node",
    "_name": "3",
    "_objFlags": 0,
    "_parent": {
      "__id__": 18
    },
    "_children": [],
    "_active": true,
    "_level": 4,
    "_components": [
      {
        "__id__": 26
      },
      {
        "__id__": 27
      }
    ],
    "_prefab": null,
    "_opacity": 255,
    "_color": {
      "__type__": "cc.Color",
      "r": 255,
      "g": 255,
      "b": 255,
      "a": 255
    },
    "_contentSize": {
      "__type__": "cc.Size",
      "width": 0,
      "height": 0
    },
    "_anchorPoint": {
      "__type__": "cc.Vec2",
      "x": 0.5,
      "y": 0.5
    },
    "_position": {
      "__type__": "cc.Vec3",
      "x": 0,
      "y": 0,
      "z": 0
    },
    "_scale": {
      "__type__": "cc.Vec3",
      "x": 1,
      "y": 1,
      "z": 1
    },
    "_rotationX": 0,
    "_rotationY": 0,
    "_quat": {
      "__type__": "cc.Quat",
      "x": 0,
      "y": 0,
      "z": 0,
      "w": 1
    },
    "_skewX": 0,
    "_skewY": 0,
    "_zIndex": 0,
    "groupIndex": 2,
    "_id": "04/EL3x81OJ6vPagEH4A1h"
  },
  {
    "__type__": "cc.RigidBody",
    "_name": "",
    "_objFlags": 0,
    "node": {
      "__id__": 25
    },
    "_enabled": true,
    "_type": 0,
    "_allowSleep": true,
    "_gravityScale": 1,
    "_linearDamping": 0,
    "_angularDamping": 0,
    "_linearVelocity": {
      "__type__": "cc.Vec2",
      "x": 0,
      "y": 0
    },
    "_angularVelocity": 0,
    "_fixedRotation": false,
    "enabledContactListener": false,
    "bullet": false,
    "_id": "90OR9pb6ZFVLYmDoucltti"
  },
  {
    "__type__": "cc.PhysicsCircleCollider",
    "_name": "",
    "_objFlags": 0,
    "node": {
      "__id__": 25
    },
    "_enabled": true,
    "tag": 0,
    "_density": 1,
    "_sensor": true,
    "_friction": 0.2,
    "_restitution": 0,
    "body": null,
    "_offset": {
      "__type__": "cc.Vec2",
      "x": 133.1,
      "y": 233.4
    },
    "_radius": 12.5,
    "_id": "13e4IcBilODZvmmPHZ6CE6"
  },
  {
    "__type__": "cc.Node",
    "_name": "4",
    "_objFlags": 0,
    "_parent": {
      "__id__": 18
    },
    "_children": [],
    "_active": true,
    "_level": 4,
    "_components": [
      {
        "__id__": 29
      },
      {
        "__id__": 30
      }
    ],
    "_prefab": null,
    "_opacity": 255,
    "_color": {
      "__type__": "cc.Color",
      "r": 255,
      "g": 255,
      "b": 255,
      "a": 255
    },
    "_contentSize": {
      "__type__": "cc.Size",
      "width": 0,
      "height": 0
    },
    "_anchorPoint": {
      "__type__": "cc.Vec2",
      "x": 0.5,
      "y": 0.5
    },
    "_position": {
      "__type__": "cc.Vec3",
      "x": 0,
      "y": 0,
      "z": 0
    },
    "_scale": {
      "__type__": "cc.Vec3",
      "x": 1,
      "y": 1,
      "z": 1
    },
    "_rotationX": 0,
    "_rotationY": 0,
    "_quat": {
      "__type__": "cc.Quat",
      "x": 0,
      "y": 0,
      "z": 0,
      "w": 1
    },
    "_skewX": 0,
    "_skewY": 0,
    "_zIndex": 0,
    "groupIndex": 2,
    "_id": "6cOZ3Gx79Mj73FExowug1I"
  },
  {
    "__type__": "cc.RigidBody",
    "_name": "",
    "_objFlags": 0,
    "node": {
      "__id__": 28
    },
    "_enabled": true,
    "_type": 0,
    "_allowSleep": true,
    "_gravityScale": 1,
    "_linearDamping": 0,
    "_angularDamping": 0,
    "_linearVelocity": {
      "__type__": "cc.Vec2",
      "x": 0,
      "y": 0
    },
    "_angularVelocity": 0,
    "_fixedRotation": false,
    "enabledContactListener": false,
    "bullet": false,
    "_id": "afUqKFv1hFb6H0/vF8wrqZ"
  },
  {
    "__type__": "cc.PhysicsCircleCollider",
    "_name": "",
    "_objFlags": 0,
    "node": {
      "__id__": 28
    },
    "_enabled": true,
    "tag": 0,
    "_density": 1,
    "_sensor": true,
    "_friction": 0.2,
    "_restitution": 0,
    "body": null,
    "_offset": {
      "__type__": "cc.Vec2",
      "x": 134.4,
      "y": -232.2
    },
    "_radius": 12.5,
    "_id": "22spSXWhNPrI/GYEA0jONm"
  },
  {
    "__type__": "cc.Node",
    "_name": "5",
    "_objFlags": 0,
    "_parent": {
      "__id__": 18
    },
    "_children": [],
    "_active": true,
    "_level": 4,
    "_components": [
      {
        "__id__": 32
      },
      {
        "__id__": 33
      }
    ],
    "_prefab": null,
    "_opacity": 255,
    "_color": {
      "__type__": "cc.Color",
      "r": 255,
      "g": 255,
      "b": 255,
      "a": 255
    },
    "_contentSize": {
      "__type__": "cc.Size",
      "width": 0,
      "height": 0
    },
    "_anchorPoint": {
      "__type__": "cc.Vec2",
      "x": 0.5,
      "y": 0.5
    },
    "_position": {
      "__type__": "cc.Vec3",
      "x": 0,
      "y": 0,
      "z": 0
    },
    "_scale": {
      "__type__": "cc.Vec3",
      "x": 1,
      "y": 1,
      "z": 1
    },
    "_rotationX": 0,
    "_rotationY": 0,
    "_quat": {
      "__type__": "cc.Quat",
      "x": 0,
      "y": 0,
      "z": 0,
      "w": 1
    },
    "_skewX": 0,
    "_skewY": 0,
    "_zIndex": 0,
    "groupIndex": 2,
    "_id": "12wkfN5ORBpJMNAj75NuYE"
  },
  {
    "__type__": "cc.RigidBody",
    "_name": "",
    "_objFlags": 0,
    "node": {
      "__id__": 31
    },
    "_enabled": true,
    "_type": 0,
    "_allowSleep": true,
    "_gravityScale": 1,
    "_linearDamping": 0,
    "_angularDamping": 0,
    "_linearVelocity": {
      "__type__": "cc.Vec2",
      "x": 0,
      "y": 0
    },
    "_angularVelocity": 0,
    "_fixedRotation": false,
    "enabledContactListener": false,
    "bullet": false,
    "_id": "cdD4gzk/BKpJ4+Rloxsz8a"
  },
  {
    "__type__": "cc.PhysicsCircleCollider",
    "_name": "",
    "_objFlags": 0,
    "node": {
      "__id__": 31
    },
    "_enabled": true,
    "tag": 0,
    "_density": 1,
    "_sensor": true,
    "_friction": 0.2,
    "_restitution": 0,
    "body": null,
    "_offset": {
      "__type__": "cc.Vec2",
      "x": 144,
      "y": -0.1
    },
    "_radius": 12.5,
    "_id": "c0bIfef+REua8i2LfUGCf9"
  },
  {
    "__type__": "cc.Node",
    "_name": "6",
    "_objFlags": 0,
    "_parent": {
      "__id__": 18
    },
    "_children": [],
    "_active": true,
    "_level": 4,
    "_components": [
      {
        "__id__": 35
      },
      {
        "__id__": 36
      }
    ],
    "_prefab": null,
    "_opacity": 255,
    "_color": {
      "__type__": "cc.Color",
      "r": 255,
      "g": 255,
      "b": 255,
      "a": 255
    },
    "_contentSize": {
      "__type__": "cc.Size",
      "width": 0,
      "height": 0
    },
    "_anchorPoint": {
      "__type__": "cc.Vec2",
      "x": 0.5,
      "y": 0.5
    },
    "_position": {
      "__type__": "cc.Vec3",
      "x": 0,
      "y": 0,
      "z": 0
    },
    "_scale": {
      "__type__": "cc.Vec3",
      "x": 1,
      "y": 1,
      "z": 1
    },
    "_rotationX": 0,
    "_rotationY": 0,
    "_quat": {
      "__type__": "cc.Quat",
      "x": 0,
      "y": 0,
      "z": 0,
      "w": 1
    },
    "_skewX": 0,
    "_skewY": 0,
    "_zIndex": 0,
    "groupIndex": 2,
    "_id": "d6fSGgK35Bz6O2w3YsLFHS"
  },
  {
    "__type__": "cc.RigidBody",
    "_name": "",
    "_objFlags": 0,
    "node": {
      "__id__": 34
    },
    "_enabled": true,
    "_type": 0,
    "_allowSleep": true,
    "_gravityScale": 1,
    "_linearDamping": 0,
    "_angularDamping": 0,
    "_linearVelocity": {
      "__type__": "cc.Vec2",
      "x": 0,
      "y": 0
    },
    "_angularVelocity": 0,
    "_fixedRotation": false,
    "enabledContactListener": false,
    "bullet": false,
    "_id": "c22Udfv6FGza1pBEuFTKi8"
  },
  {
    "__type__": "cc.PhysicsCircleCollider",
    "_name": "",
    "_objFlags": 0,
    "node": {
      "__id__": 34
    },
    "_enabled": true,
    "tag": 0,
    "_density": 1,
    "_sensor": true,
    "_friction": 0.2,
    "_restitution": 0,
    "body": null,
    "_offset": {
      "__type__": "cc.Vec2",
      "x": -149.1,
      "y": 0.4
    },
    "_radius": 12.5,
    "_id": "c97DXDYXNJcZ0LZ5rExTxy"
  },
  {
    "__type__": "cc.Node",
    "_name": "ball_root",
    "_objFlags": 0,
    "_parent": {
      "__id__": 2
    },
    "_children": [
      {
        "__id__": 38
      },
      {
        "__id__": 43
      },
      {
        "__id__": 48
      },
      {
        "__id__": 53
      },
      {
        "__id__": 58
      },
      {
        "__id__": 63
      },
      {
        "__id__": 68
      },
      {
        "__id__": 73
      },
      {
        "__id__": 78
      },
      {
        "__id__": 83
      },
      {
        "__id__": 88
      },
      {
        "__id__": 93
      },
      {
        "__id__": 98
      },
      {
        "__id__": 103
      },
      {
        "__id__": 108
      }
    ],
    "_active": true,
    "_level": 2,
    "_components": [],
    "_prefab": null,
    "_opacity": 255,
    "_color": {
      "__type__": "cc.Color",
      "r": 255,
      "g": 255,
      "b": 255,
      "a": 255
    },
    "_contentSize": {
      "__type__": "cc.Size",
      "width": 0,
      "height": 0
    },
    "_anchorPoint": {
      "__type__": "cc.Vec2",
      "x": 0.5,
      "y": 0.5
    },
    "_position": {
      "__type__": "cc.Vec3",
      "x": 0,
      "y": 0,
      "z": 0
    },
    "_scale": {
      "__type__": "cc.Vec3",
      "x": 1,
      "y": 1,
      "z": 1
    },
    "_rotationX": 0,
    "_rotationY": 0,
    "_quat": {
      "__type__": "cc.Quat",
      "x": 0,
      "y": 0,
      "z": 0,
      "w": 1
    },
    "_skewX": 0,
    "_skewY": 0,
    "_zIndex": 0,
    "groupIndex": 0,
    "_id": "e6qON90aZP/4B6eiUI4z8a"
  },
  {
    "__type__": "cc.Node",
    "_name": "19",
    "_objFlags": 0,
    "_parent": {
      "__id__": 37
    },
    "_children": [],
    "_active": true,
    "_level": 3,
    "_components": [
      {
        "__id__": 39
      },
      {
        "__id__": 40
      },
      {
        "__id__": 41
      },
      {
        "__id__": 42
      }
    ],
    "_prefab": null,
    "_opacity": 255,
    "_color": {
      "__type__": "cc.Color",
      "r": 255,
      "g": 255,
      "b": 255,
      "a": 255
    },
    "_contentSize": {
      "__type__": "cc.Size",
      "width": 18,
      "height": 18
    },
    "_anchorPoint": {
      "__type__": "cc.Vec2",
      "x": 0.5,
      "y": 0.5
    },
    "_position": {
      "__type__": "cc.Vec3",
      "x": -0.7,
      "y": 120,
      "z": 0
    },
    "_scale": {
      "__type__": "cc.Vec3",
      "x": 1,
      "y": 1,
      "z": 1
    },
    "_rotationX": 0,
    "_rotationY": 0,
    "_quat": {
      "__type__": "cc.Quat",
      "x": 0,
      "y": 0,
      "z": 0,
      "w": 1
    },
    "_skewX": 0,
    "_skewY": 0,
    "_zIndex": 0,
    "groupIndex": 4,
    "_id": "d4gc9am39LTbj1JjyEzC4/"
  },
  {
    "__type__": "cc.Sprite",
    "_name": "",
    "_objFlags": 0,
    "node": {
      "__id__": 38
    },
    "_enabled": true,
    "_srcBlendFactor": 770,
    "_dstBlendFactor": 771,
    "_spriteFrame": {
      "__uuid__": "04c8a366-a7d8-4e90-ac0a-6866eac1dd08"
    },
    "_type": 0,
    "_sizeMode": 0,
    "_fillType": 0,
    "_fillCenter": {
      "__type__": "cc.Vec2",
      "x": 0,
      "y": 0
    },
    "_fillStart": 0,
    "_fillRange": 0,
    "_isTrimmedMode": false,
    "_state": 0,
    "_atlas": {
      "__uuid__": "bbcf7ce8-7dba-4273-9455-cf8917e4cf0f"
    },
    "_id": "1fhGAfqcpBYZzAjW1dEYnt"
  },
  {
    "__type__": "cc.RigidBody",
    "_name": "",
    "_objFlags": 0,
    "node": {
      "__id__": 38
    },
    "_enabled": true,
    "_type": 2,
    "_allowSleep": true,
    "_gravityScale": 1,
    "_linearDamping": 1,
    "_angularDamping": 1,
    "_linearVelocity": {
      "__type__": "cc.Vec2",
      "x": 0,
      "y": 0
    },
    "_angularVelocity": 0,
    "_fixedRotation": false,
    "enabledContactListener": true,
    "bullet": false,
    "_id": "4dmpy9bIxJP78LfEV3t262"
  },
  {
    "__type__": "cc.PhysicsCircleCollider",
    "_name": "",
    "_objFlags": 0,
    "node": {
      "__id__": 38
    },
    "_enabled": true,
    "tag": 0,
    "_density": 1,
    "_sensor": false,
    "_friction": 0.2,
    "_restitution": 1,
    "body": null,
    "_offset": {
      "__type__": "cc.Vec2",
      "x": 0,
      "y": 0
    },
    "_radius": 9.01,
    "_id": "9eZMRh1DBLPYXz0CFEyJxk"
  },
  {
    "__type__": "8e5a951gtBPspi1REoZiBnG",
    "_name": "",
    "_objFlags": 0,
    "node": {
      "__id__": 38
    },
    "_enabled": true,
    "value": 1,
    "_id": "e481D2OxJLZYc9Y+VSKCNR"
  },
  {
    "__type__": "cc.Node",
    "_name": "20",
    "_objFlags": 0,
    "_parent": {
      "__id__": 37
    },
    "_children": [],
    "_active": true,
    "_level": 3,
    "_components": [
      {
        "__id__": 44
      },
      {
        "__id__": 45
      },
      {
        "__id__": 46
      },
      {
        "__id__": 47
      }
    ],
    "_prefab": null,
    "_opacity": 255,
    "_color": {
      "__type__": "cc.Color",
      "r": 255,
      "g": 255,
      "b": 255,
      "a": 255
    },
    "_contentSize": {
      "__type__": "cc.Size",
      "width": 18,
      "height": 18
    },
    "_anchorPoint": {
      "__type__": "cc.Vec2",
      "x": 0.5,
      "y": 0.5
    },
    "_position": {
      "__type__": "cc.Vec3",
      "x": 8.3,
      "y": 136,
      "z": 0
    },
    "_scale": {
      "__type__": "cc.Vec3",
      "x": 1,
      "y": 1,
      "z": 1
    },
    "_rotationX": 0,
    "_rotationY": 0,
    "_quat": {
      "__type__": "cc.Quat",
      "x": 0,
      "y": 0,
      "z": 0,
      "w": 1
    },
    "_skewX": 0,
    "_skewY": 0,
    "_zIndex": 0,
    "groupIndex": 4,
    "_id": "4dI1sVb/FG5IzhGDG2GwOp"
  },
  {
    "__type__": "cc.Sprite",
    "_name": "",
    "_objFlags": 0,
    "node": {
      "__id__": 43
    },
    "_enabled": true,
    "_srcBlendFactor": 770,
    "_dstBlendFactor": 771,
    "_spriteFrame": {
      "__uuid__": "92af4fdd-1ceb-4416-b835-2b8553f46f66"
    },
    "_type": 0,
    "_sizeMode": 0,
    "_fillType": 0,
    "_fillCenter": {
      "__type__": "cc.Vec2",
      "x": 0,
      "y": 0
    },
    "_fillStart": 0,
    "_fillRange": 0,
    "_isTrimmedMode": false,
    "_state": 0,
    "_atlas": {
      "__uuid__": "bbcf7ce8-7dba-4273-9455-cf8917e4cf0f"
    },
    "_id": "58zTQASEVH+LEBBEoDg03Y"
  },
  {
    "__type__": "cc.RigidBody",
    "_name": "",
    "_objFlags": 0,
    "node": {
      "__id__": 43
    },
    "_enabled": true,
    "_type": 2,
    "_allowSleep": true,
    "_gravityScale": 1,
    "_linearDamping": 1,
    "_angularDamping": 1,
    "_linearVelocity": {
      "__type__": "cc.Vec2",
      "x": 0,
      "y": 0
    },
    "_angularVelocity": 0,
    "_fixedRotation": false,
    "enabledContactListener": true,
    "bullet": false,
    "_id": "97E7jn3BxAFYHuBh3qjE0f"
  },
  {
    "__type__": "cc.PhysicsCircleCollider",
    "_name": "",
    "_objFlags": 0,
    "node": {
      "__id__": 43
    },
    "_enabled": true,
    "tag": 0,
    "_density": 1,
    "_sensor": false,
    "_friction": 0.2,
    "_restitution": 1,
    "body": null,
    "_offset": {
      "__type__": "cc.Vec2",
      "x": 0,
      "y": 0
    },
    "_radius": 9.01,
    "_id": "04gn93ETlNAJfmj+QvF/to"
  },
  {
    "__type__": "8e5a951gtBPspi1REoZiBnG",
    "_name": "",
    "_objFlags": 0,
    "node": {
      "__id__": 43
    },
    "_enabled": true,
    "value": 1,
    "_id": "98+e1kmHpM7bIL/B0WuNNL"
  },
  {
    "__type__": "cc.Node",
    "_name": "23",
    "_objFlags": 0,
    "_parent": {
      "__id__": 37
    },
    "_children": [],
    "_active": true,
    "_level": 3,
    "_components": [
      {
        "__id__": 49
      },
      {
        "__id__": 50
      },
      {
        "__id__": 51
      },
      {
        "__id__": 52
      }
    ],
    "_prefab": null,
    "_opacity": 255,
    "_color": {
      "__type__": "cc.Color",
      "r": 255,
      "g": 255,
      "b": 255,
      "a": 255
    },
    "_contentSize": {
      "__type__": "cc.Size",
      "width": 18,
      "height": 18
    },
    "_anchorPoint": {
      "__type__": "cc.Vec2",
      "x": 0.5,
      "y": 0.5
    },
    "_position": {
      "__type__": "cc.Vec3",
      "x": 27.3,
      "y": 136,
      "z": 0
    },
    "_scale": {
      "__type__": "cc.Vec3",
      "x": 1,
      "y": 1,
      "z": 1
    },
    "_rotationX": 0,
    "_rotationY": 0,
    "_quat": {
      "__type__": "cc.Quat",
      "x": 0,
      "y": 0,
      "z": 0,
      "w": 1
    },
    "_skewX": 0,
    "_skewY": 0,
    "_zIndex": 0,
    "groupIndex": 4,
    "_id": "06pHrb9idLy5I6ucU2fQq4"
  },
  {
    "__type__": "cc.Sprite",
    "_name": "",
    "_objFlags": 0,
    "node": {
      "__id__": 48
    },
    "_enabled": true,
    "_srcBlendFactor": 770,
    "_dstBlendFactor": 771,
    "_spriteFrame": {
      "__uuid__": "4f3ffc90-ebde-4170-9b2a-6f65587beaac"
    },
    "_type": 0,
    "_sizeMode": 0,
    "_fillType": 0,
    "_fillCenter": {
      "__type__": "cc.Vec2",
      "x": 0,
      "y": 0
    },
    "_fillStart": 0,
    "_fillRange": 0,
    "_isTrimmedMode": false,
    "_state": 0,
    "_atlas": {
      "__uuid__": "bbcf7ce8-7dba-4273-9455-cf8917e4cf0f"
    },
    "_id": "7f/FcBaQdKiZyD/FesZsUj"
  },
  {
    "__type__": "cc.RigidBody",
    "_name": "",
    "_objFlags": 0,
    "node": {
      "__id__": 48
    },
    "_enabled": true,
    "_type": 2,
    "_allowSleep": true,
    "_gravityScale": 1,
    "_linearDamping": 1,
    "_angularDamping": 1,
    "_linearVelocity": {
      "__type__": "cc.Vec2",
      "x": 0,
      "y": 0
    },
    "_angularVelocity": 0,
    "_fixedRotation": false,
    "enabledContactListener": true,
    "bullet": false,
    "_id": "96LQxGM1FEfoWQnUg6Q7uC"
  },
  {
    "__type__": "cc.PhysicsCircleCollider",
    "_name": "",
    "_objFlags": 0,
    "node": {
      "__id__": 48
    },
    "_enabled": true,
    "tag": 0,
    "_density": 1,
    "_sensor": false,
    "_friction": 0.2,
    "_restitution": 1,
    "body": null,
    "_offset": {
      "__type__": "cc.Vec2",
      "x": 0,
      "y": 0
    },
    "_radius": 9.01,
    "_id": "3ai8TXGTZCf59PiQv0dseR"
  },
  {
    "__type__": "8e5a951gtBPspi1REoZiBnG",
    "_name": "",
    "_objFlags": 0,
    "node": {
      "__id__": 48
    },
    "_enabled": true,
    "value": 1,
    "_id": "70H32BvH5CNLbMASsHiePT"
  },
  {
    "__type__": "cc.Node",
    "_name": "26",
    "_objFlags": 0,
    "_parent": {
      "__id__": 37
    },
    "_children": [],
    "_active": true,
    "_level": 3,
    "_components": [
      {
        "__id__": 54
      },
      {
        "__id__": 55
      },
      {
        "__id__": 56
      },
      {
        "__id__": 57
      }
    ],
    "_prefab": null,
    "_opacity": 255,
    "_color": {
      "__type__": "cc.Color",
      "r": 255,
      "g": 255,
      "b": 255,
      "a": 255
    },
    "_contentSize": {
      "__type__": "cc.Size",
      "width": 18,
      "height": 18
    },
    "_anchorPoint": {
      "__type__": "cc.Vec2",
      "x": 0.5,
      "y": 0.5
    },
    "_position": {
      "__type__": "cc.Vec3",
      "x": -29.7,
      "y": 136,
      "z": 0
    },
    "_scale": {
      "__type__": "cc.Vec3",
      "x": 1,
      "y": 1,
      "z": 1
    },
    "_rotationX": 0,
    "_rotationY": 0,
    "_quat": {
      "__type__": "cc.Quat",
      "x": 0,
      "y": 0,
      "z": 0,
      "w": 1
    },
    "_skewX": 0,
    "_skewY": 0,
    "_zIndex": 0,
    "groupIndex": 4,
    "_id": "adgqS5LHxAv6WcLQqDVDF0"
  },
  {
    "__type__": "cc.Sprite",
    "_name": "",
    "_objFlags": 0,
    "node": {
      "__id__": 53
    },
    "_enabled": true,
    "_srcBlendFactor": 770,
    "_dstBlendFactor": 771,
    "_spriteFrame": {
      "__uuid__": "24aeb307-167d-4fc4-a4f4-6eafc27bf51a"
    },
    "_type": 0,
    "_sizeMode": 0,
    "_fillType": 0,
    "_fillCenter": {
      "__type__": "cc.Vec2",
      "x": 0,
      "y": 0
    },
    "_fillStart": 0,
    "_fillRange": 0,
    "_isTrimmedMode": false,
    "_state": 0,
    "_atlas": {
      "__uuid__": "bbcf7ce8-7dba-4273-9455-cf8917e4cf0f"
    },
    "_id": "75tww4knhP35ISlhYIs0qt"
  },
  {
    "__type__": "cc.RigidBody",
    "_name": "",
    "_objFlags": 0,
    "node": {
      "__id__": 53
    },
    "_enabled": true,
    "_type": 2,
    "_allowSleep": true,
    "_gravityScale": 1,
    "_linearDamping": 1,
    "_angularDamping": 1,
    "_linearVelocity": {
      "__type__": "cc.Vec2",
      "x": 0,
      "y": 0
    },
    "_angularVelocity": 0,
    "_fixedRotation": false,
    "enabledContactListener": true,
    "bullet": false,
    "_id": "1bAScDTc1HCbofr671dD3p"
  },
  {
    "__type__": "cc.PhysicsCircleCollider",
    "_name": "",
    "_objFlags": 0,
    "node": {
      "__id__": 53
    },
    "_enabled": true,
    "tag": 0,
    "_density": 1,
    "_sensor": false,
    "_friction": 0.2,
    "_restitution": 1,
    "body": null,
    "_offset": {
      "__type__": "cc.Vec2",
      "x": 0,
      "y": 0
    },
    "_radius": 9.01,
    "_id": "14tN359zlKcYDGyMjlSN1e"
  },
  {
    "__type__": "8e5a951gtBPspi1REoZiBnG",
    "_name": "",
    "_objFlags": 0,
    "node": {
      "__id__": 53
    },
    "_enabled": true,
    "value": 1,
    "_id": "62jibObqVAfL2pVYDNlUCV"
  },
  {
    "__type__": "cc.Node",
    "_name": "25",
    "_objFlags": 0,
    "_parent": {
      "__id__": 37
    },
    "_children": [],
    "_active": true,
    "_level": 3,
    "_components": [
      {
        "__id__": 59
      },
      {
        "__id__": 60
      },
      {
        "__id__": 61
      },
      {
        "__id__": 62
      }
    ],
    "_prefab": null,
    "_opacity": 255,
    "_color": {
      "__type__": "cc.Color",
      "r": 255,
      "g": 255,
      "b": 255,
      "a": 255
    },
    "_contentSize": {
      "__type__": "cc.Size",
      "width": 18,
      "height": 18
    },
    "_anchorPoint": {
      "__type__": "cc.Vec2",
      "x": 0.5,
      "y": 0.5
    },
    "_position": {
      "__type__": "cc.Vec3",
      "x": -19.7,
      "y": 120,
      "z": 0
    },
    "_scale": {
      "__type__": "cc.Vec3",
      "x": 1,
      "y": 1,
      "z": 1
    },
    "_rotationX": 0,
    "_rotationY": 0,
    "_quat": {
      "__type__": "cc.Quat",
      "x": 0,
      "y": 0,
      "z": 0,
      "w": 1
    },
    "_skewX": 0,
    "_skewY": 0,
    "_zIndex": 0,
    "groupIndex": 4,
    "_id": "997veLHJFO1JGgGr+1k9e+"
  },
  {
    "__type__": "cc.Sprite",
    "_name": "",
    "_objFlags": 0,
    "node": {
      "__id__": 58
    },
    "_enabled": true,
    "_srcBlendFactor": 770,
    "_dstBlendFactor": 771,
    "_spriteFrame": {
      "__uuid__": "fbb743e4-730e-4757-a3cc-1b3567925a53"
    },
    "_type": 0,
    "_sizeMode": 0,
    "_fillType": 0,
    "_fillCenter": {
      "__type__": "cc.Vec2",
      "x": 0,
      "y": 0
    },
    "_fillStart": 0,
    "_fillRange": 0,
    "_isTrimmedMode": false,
    "_state": 0,
    "_atlas": {
      "__uuid__": "bbcf7ce8-7dba-4273-9455-cf8917e4cf0f"
    },
    "_id": "8fWQssBsxMPoV2KQDzxZ8b"
  },
  {
    "__type__": "cc.RigidBody",
    "_name": "",
    "_objFlags": 0,
    "node": {
      "__id__": 58
    },
    "_enabled": true,
    "_type": 2,
    "_allowSleep": true,
    "_gravityScale": 1,
    "_linearDamping": 1,
    "_angularDamping": 1,
    "_linearVelocity": {
      "__type__": "cc.Vec2",
      "x": 0,
      "y": 0
    },
    "_angularVelocity": 0,
    "_fixedRotation": false,
    "enabledContactListener": true,
    "bullet": false,
    "_id": "ac9ZF6BOFFSIsYZ87a3Rg+"
  },
  {
    "__type__": "cc.PhysicsCircleCollider",
    "_name": "",
    "_objFlags": 0,
    "node": {
      "__id__": 58
    },
    "_enabled": true,
    "tag": 0,
    "_density": 1,
    "_sensor": false,
    "_friction": 0.2,
    "_restitution": 1,
    "body": null,
    "_offset": {
      "__type__": "cc.Vec2",
      "x": 0,
      "y": 0
    },
    "_radius": 9.01,
    "_id": "65JudnVWFDWo5elkUz6MKR"
  },
  {
    "__type__": "8e5a951gtBPspi1REoZiBnG",
    "_name": "",
    "_objFlags": 0,
    "node": {
      "__id__": 58
    },
    "_enabled": true,
    "value": 1,
    "_id": "35GY/2KXhOfKOwoCoKQXDA"
  },
  {
    "__type__": "cc.Node",
    "_name": "27",
    "_objFlags": 0,
    "_parent": {
      "__id__": 37
    },
    "_children": [],
    "_active": true,
    "_level": 3,
    "_components": [
      {
        "__id__": 64
      },
      {
        "__id__": 65
      },
      {
        "__id__": 66
      },
      {
        "__id__": 67
      }
    ],
    "_prefab": null,
    "_opacity": 255,
    "_color": {
      "__type__": "cc.Color",
      "r": 255,
      "g": 255,
      "b": 255,
      "a": 255
    },
    "_contentSize": {
      "__type__": "cc.Size",
      "width": 18,
      "height": 18
    },
    "_anchorPoint": {
      "__type__": "cc.Vec2",
      "x": 0.5,
      "y": 0.5
    },
    "_position": {
      "__type__": "cc.Vec3",
      "x": 18.3,
      "y": 120,
      "z": 0
    },
    "_scale": {
      "__type__": "cc.Vec3",
      "x": 1,
      "y": 1,
      "z": 1
    },
    "_rotationX": 0,
    "_rotationY": 0,
    "_quat": {
      "__type__": "cc.Quat",
      "x": 0,
      "y": 0,
      "z": 0,
      "w": 1
    },
    "_skewX": 0,
    "_skewY": 0,
    "_zIndex": 0,
    "groupIndex": 4,
    "_id": "2dWHfpbERDMKOYAMcpogLN"
  },
  {
    "__type__": "cc.Sprite",
    "_name": "",
    "_objFlags": 0,
    "node": {
      "__id__": 63
    },
    "_enabled": true,
    "_srcBlendFactor": 770,
    "_dstBlendFactor": 771,
    "_spriteFrame": {
      "__uuid__": "194b55b2-4fea-49af-aebb-59614db610e7"
    },
    "_type": 0,
    "_sizeMode": 0,
    "_fillType": 0,
    "_fillCenter": {
      "__type__": "cc.Vec2",
      "x": 0,
      "y": 0
    },
    "_fillStart": 0,
    "_fillRange": 0,
    "_isTrimmedMode": false,
    "_state": 0,
    "_atlas": {
      "__uuid__": "bbcf7ce8-7dba-4273-9455-cf8917e4cf0f"
    },
    "_id": "4ewDN5ZtJB+7KRd/dGY7aL"
  },
  {
    "__type__": "cc.RigidBody",
    "_name": "",
    "_objFlags": 0,
    "node": {
      "__id__": 63
    },
    "_enabled": true,
    "_type": 2,
    "_allowSleep": true,
    "_gravityScale": 1,
    "_linearDamping": 1,
    "_angularDamping": 1,
    "_linearVelocity": {
      "__type__": "cc.Vec2",
      "x": 0,
      "y": 0
    },
    "_angularVelocity": 0,
    "_fixedRotation": false,
    "enabledContactListener": true,
    "bullet": false,
    "_id": "e0Wt+pcTdGSaHi6kKulVo2"
  },
  {
    "__type__": "cc.PhysicsCircleCollider",
    "_name": "",
    "_objFlags": 0,
    "node": {
      "__id__": 63
    },
    "_enabled": true,
    "tag": 0,
    "_density": 1,
    "_sensor": false,
    "_friction": 0.2,
    "_restitution": 1,
    "body": null,
    "_offset": {
      "__type__": "cc.Vec2",
      "x": 0,
      "y": 0
    },
    "_radius": 9.01,
    "_id": "a1w9mgN5FCwoxZwvl6LAUU"
  },
  {
    "__type__": "8e5a951gtBPspi1REoZiBnG",
    "_name": "",
    "_objFlags": 0,
    "node": {
      "__id__": 63
    },
    "_enabled": true,
    "value": 1,
    "_id": "d6mP+qOehMwbrbPFp5dvtq"
  },
  {
    "__type__": "cc.Node",
    "_name": "29",
    "_objFlags": 0,
    "_parent": {
      "__id__": 37
    },
    "_children": [],
    "_active": true,
    "_level": 3,
    "_components": [
      {
        "__id__": 69
      },
      {
        "__id__": 70
      },
      {
        "__id__": 71
      },
      {
        "__id__": 72
      }
    ],
    "_prefab": null,
    "_opacity": 255,
    "_color": {
      "__type__": "cc.Color",
      "r": 255,
      "g": 255,
      "b": 255,
      "a": 255
    },
    "_contentSize": {
      "__type__": "cc.Size",
      "width": 18,
      "height": 18
    },
    "_anchorPoint": {
      "__type__": "cc.Vec2",
      "x": 0.5,
      "y": 0.5
    },
    "_position": {
      "__type__": "cc.Vec3",
      "x": -9.7,
      "y": 104,
      "z": 0
    },
    "_scale": {
      "__type__": "cc.Vec3",
      "x": 1,
      "y": 1,
      "z": 1
    },
    "_rotationX": 0,
    "_rotationY": 0,
    "_quat": {
      "__type__": "cc.Quat",
      "x": 0,
      "y": 0,
      "z": 0,
      "w": 1
    },
    "_skewX": 0,
    "_skewY": 0,
    "_zIndex": 0,
    "groupIndex": 4,
    "_id": "3eFHtwZvZC3bb+6LxswZKb"
  },
  {
    "__type__": "cc.Sprite",
    "_name": "",
    "_objFlags": 0,
    "node": {
      "__id__": 68
    },
    "_enabled": true,
    "_srcBlendFactor": 770,
    "_dstBlendFactor": 771,
    "_spriteFrame": {
      "__uuid__": "00e8abb9-4f53-4c20-85e5-5fbda1562570"
    },
    "_type": 0,
    "_sizeMode": 0,
    "_fillType": 0,
    "_fillCenter": {
      "__type__": "cc.Vec2",
      "x": 0,
      "y": 0
    },
    "_fillStart": 0,
    "_fillRange": 0,
    "_isTrimmedMode": false,
    "_state": 0,
    "_atlas": {
      "__uuid__": "bbcf7ce8-7dba-4273-9455-cf8917e4cf0f"
    },
    "_id": "85DTeYGFVOQ4zqZxeusP0S"
  },
  {
    "__type__": "cc.RigidBody",
    "_name": "",
    "_objFlags": 0,
    "node": {
      "__id__": 68
    },
    "_enabled": true,
    "_type": 2,
    "_allowSleep": true,
    "_gravityScale": 1,
    "_linearDamping": 1,
    "_angularDamping": 1,
    "_linearVelocity": {
      "__type__": "cc.Vec2",
      "x": 0,
      "y": 0
    },
    "_angularVelocity": 0,
    "_fixedRotation": false,
    "enabledContactListener": true,
    "bullet": false,
    "_id": "98zNi8hj5AhpnlOpigKNS4"
  },
  {
    "__type__": "cc.PhysicsCircleCollider",
    "_name": "",
    "_objFlags": 0,
    "node": {
      "__id__": 68
    },
    "_enabled": true,
    "tag": 0,
    "_density": 1,
    "_sensor": false,
    "_friction": 0.2,
    "_restitution": 1,
    "body": null,
    "_offset": {
      "__type__": "cc.Vec2",
      "x": 0,
      "y": 0
    },
    "_radius": 9.01,
    "_id": "69A7t/2gVCkqSpDOd8PZmJ"
  },
  {
    "__type__": "8e5a951gtBPspi1REoZiBnG",
    "_name": "",
    "_objFlags": 0,
    "node": {
      "__id__": 68
    },
    "_enabled": true,
    "value": 1,
    "_id": "2dJLRMunFCM4LzWBmbtiPU"
  },
  {
    "__type__": "cc.Node",
    "_name": "28",
    "_objFlags": 0,
    "_parent": {
      "__id__": 37
    },
    "_children": [],
    "_active": true,
    "_level": 3,
    "_components": [
      {
        "__id__": 74
      },
      {
        "__id__": 75
      },
      {
        "__id__": 76
      },
      {
        "__id__": 77
      }
    ],
    "_prefab": null,
    "_opacity": 255,
    "_color": {
      "__type__": "cc.Color",
      "r": 255,
      "g": 255,
      "b": 255,
      "a": 255
    },
    "_contentSize": {
      "__type__": "cc.Size",
      "width": 18,
      "height": 18
    },
    "_anchorPoint": {
      "__type__": "cc.Vec2",
      "x": 0.5,
      "y": 0.5
    },
    "_position": {
      "__type__": "cc.Vec3",
      "x": 9.3,
      "y": 104,
      "z": 0
    },
    "_scale": {
      "__type__": "cc.Vec3",
      "x": 1,
      "y": 1,
      "z": 1
    },
    "_rotationX": 0,
    "_rotationY": 0,
    "_quat": {
      "__type__": "cc.Quat",
      "x": 0,
      "y": 0,
      "z": 0,
      "w": 1
    },
    "_skewX": 0,
    "_skewY": 0,
    "_zIndex": 0,
    "groupIndex": 4,
    "_id": "16X0MyfiBMeZYtSuEGakYk"
  },
  {
    "__type__": "cc.Sprite",
    "_name": "",
    "_objFlags": 0,
    "node": {
      "__id__": 73
    },
    "_enabled": true,
    "_srcBlendFactor": 770,
    "_dstBlendFactor": 771,
    "_spriteFrame": {
      "__uuid__": "a5f63e40-8b8f-4c10-9039-9a225aea8d6e"
    },
    "_type": 0,
    "_sizeMode": 0,
    "_fillType": 0,
    "_fillCenter": {
      "__type__": "cc.Vec2",
      "x": 0,
      "y": 0
    },
    "_fillStart": 0,
    "_fillRange": 0,
    "_isTrimmedMode": false,
    "_state": 0,
    "_atlas": {
      "__uuid__": "bbcf7ce8-7dba-4273-9455-cf8917e4cf0f"
    },
    "_id": "70NOpDGiFDj787qTCjYLFB"
  },
  {
    "__type__": "cc.RigidBody",
    "_name": "",
    "_objFlags": 0,
    "node": {
      "__id__": 73
    },
    "_enabled": true,
    "_type": 2,
    "_allowSleep": true,
    "_gravityScale": 1,
    "_linearDamping": 1,
    "_angularDamping": 1,
    "_linearVelocity": {
      "__type__": "cc.Vec2",
      "x": 0,
      "y": 0
    },
    "_angularVelocity": 0,
    "_fixedRotation": false,
    "enabledContactListener": true,
    "bullet": false,
    "_id": "69akcyNw9BrbdsDSwEu/8w"
  },
  {
    "__type__": "cc.PhysicsCircleCollider",
    "_name": "",
    "_objFlags": 0,
    "node": {
      "__id__": 73
    },
    "_enabled": true,
    "tag": 0,
    "_density": 1,
    "_sensor": false,
    "_friction": 0.2,
    "_restitution": 1,
    "body": null,
    "_offset": {
      "__type__": "cc.Vec2",
      "x": 0,
      "y": 0
    },
    "_radius": 9.01,
    "_id": "437vpMIT1KtrM3Db+24+h+"
  },
  {
    "__type__": "8e5a951gtBPspi1REoZiBnG",
    "_name": "",
    "_objFlags": 0,
    "node": {
      "__id__": 73
    },
    "_enabled": true,
    "value": 1,
    "_id": "48saCepwFCHLRmqvkzCdZa"
  },
  {
    "__type__": "cc.Node",
    "_name": "21",
    "_objFlags": 0,
    "_parent": {
      "__id__": 37
    },
    "_children": [],
    "_active": true,
    "_level": 3,
    "_components": [
      {
        "__id__": 79
      },
      {
        "__id__": 80
      },
      {
        "__id__": 81
      },
      {
        "__id__": 82
      }
    ],
    "_prefab": null,
    "_opacity": 255,
    "_color": {
      "__type__": "cc.Color",
      "r": 255,
      "g": 255,
      "b": 255,
      "a": 255
    },
    "_contentSize": {
      "__type__": "cc.Size",
      "width": 18,
      "height": 18
    },
    "_anchorPoint": {
      "__type__": "cc.Vec2",
      "x": 0.5,
      "y": 0.5
    },
    "_position": {
      "__type__": "cc.Vec3",
      "x": -0.7,
      "y": 88,
      "z": 0
    },
    "_scale": {
      "__type__": "cc.Vec3",
      "x": 1,
      "y": 1,
      "z": 1
    },
    "_rotationX": 0,
    "_rotationY": 0,
    "_quat": {
      "__type__": "cc.Quat",
      "x": 0,
      "y": 0,
      "z": 0,
      "w": 1
    },
    "_skewX": 0,
    "_skewY": 0,
    "_zIndex": 0,
    "groupIndex": 4,
    "_id": "3e6TW8fblFsYl8Wip9xiXy"
  },
  {
    "__type__": "cc.Sprite",
    "_name": "",
    "_objFlags": 0,
    "node": {
      "__id__": 78
    },
    "_enabled": true,
    "_srcBlendFactor": 770,
    "_dstBlendFactor": 771,
    "_spriteFrame": {
      "__uuid__": "5e6f3a2c-22e1-4171-b19b-76285a864319"
    },
    "_type": 0,
    "_sizeMode": 0,
    "_fillType": 0,
    "_fillCenter": {
      "__type__": "cc.Vec2",
      "x": 0,
      "y": 0
    },
    "_fillStart": 0,
    "_fillRange": 0,
    "_isTrimmedMode": false,
    "_state": 0,
    "_atlas": {
      "__uuid__": "bbcf7ce8-7dba-4273-9455-cf8917e4cf0f"
    },
    "_id": "8aXQkcSnFDsajBDZ8RTX0x"
  },
  {
    "__type__": "cc.RigidBody",
    "_name": "",
    "_objFlags": 0,
    "node": {
      "__id__": 78
    },
    "_enabled": true,
    "_type": 2,
    "_allowSleep": true,
    "_gravityScale": 1,
    "_linearDamping": 1,
    "_angularDamping": 1,
    "_linearVelocity": {
      "__type__": "cc.Vec2",
      "x": 0,
      "y": 0
    },
    "_angularVelocity": 0,
    "_fixedRotation": false,
    "enabledContactListener": true,
    "bullet": false,
    "_id": "e0mugyihZDd5vnzM9e11ZM"
  },
  {
    "__type__": "cc.PhysicsCircleCollider",
    "_name": "",
    "_objFlags": 0,
    "node": {
      "__id__": 78
    },
    "_enabled": true,
    "tag": 0,
    "_density": 1,
    "_sensor": false,
    "_friction": 0.2,
    "_restitution": 1,
    "body": null,
    "_offset": {
      "__type__": "cc.Vec2",
      "x": 0,
      "y": 0
    },
    "_radius": 9.01,
    "_id": "4f7C5W7K1A/785ULDvR4jC"
  },
  {
    "__type__": "8e5a951gtBPspi1REoZiBnG",
    "_name": "",
    "_objFlags": 0,
    "node": {
      "__id__": 78
    },
    "_enabled": true,
    "value": 1,
    "_id": "1edAc+azBH+aH5mFSX5bdw"
  },
  {
    "__type__": "cc.Node",
    "_name": "22",
    "_objFlags": 0,
    "_parent": {
      "__id__": 37
    },
    "_children": [],
    "_active": true,
    "_level": 3,
    "_components": [
      {
        "__id__": 84
      },
      {
        "__id__": 85
      },
      {
        "__id__": 86
      },
      {
        "__id__": 87
      }
    ],
    "_prefab": null,
    "_opacity": 255,
    "_color": {
      "__type__": "cc.Color",
      "r": 255,
      "g": 255,
      "b": 255,
      "a": 255
    },
    "_contentSize": {
      "__type__": "cc.Size",
      "width": 18,
      "height": 18
    },
    "_anchorPoint": {
      "__type__": "cc.Vec2",
      "x": 0.5,
      "y": 0.5
    },
    "_position": {
      "__type__": "cc.Vec3",
      "x": -10.7,
      "y": 136,
      "z": 0
    },
    "_scale": {
      "__type__": "cc.Vec3",
      "x": 1,
      "y": 1,
      "z": 1
    },
    "_rotationX": 0,
    "_rotationY": 0,
    "_quat": {
      "__type__": "cc.Quat",
      "x": 0,
      "y": 0,
      "z": 0,
      "w": 1
    },
    "_skewX": 0,
    "_skewY": 0,
    "_zIndex": 0,
    "groupIndex": 4,
    "_id": "bafxQ1ZWdBNanh+BpDgP1G"
  },
  {
    "__type__": "cc.Sprite",
    "_name": "",
    "_objFlags": 0,
    "node": {
      "__id__": 83
    },
    "_enabled": true,
    "_srcBlendFactor": 770,
    "_dstBlendFactor": 771,
    "_spriteFrame": {
      "__uuid__": "c7b662c7-3454-4ba1-9ca4-6e017e4a96f4"
    },
    "_type": 0,
    "_sizeMode": 0,
    "_fillType": 0,
    "_fillCenter": {
      "__type__": "cc.Vec2",
      "x": 0,
      "y": 0
    },
    "_fillStart": 0,
    "_fillRange": 0,
    "_isTrimmedMode": false,
    "_state": 0,
    "_atlas": {
      "__uuid__": "bbcf7ce8-7dba-4273-9455-cf8917e4cf0f"
    },
    "_id": "beLFHfm2NPBpES794k4aHC"
  },
  {
    "__type__": "cc.RigidBody",
    "_name": "",
    "_objFlags": 0,
    "node": {
      "__id__": 83
    },
    "_enabled": true,
    "_type": 2,
    "_allowSleep": true,
    "_gravityScale": 1,
    "_linearDamping": 1,
    "_angularDamping": 1,
    "_linearVelocity": {
      "__type__": "cc.Vec2",
      "x": 0,
      "y": 0
    },
    "_angularVelocity": 0,
    "_fixedRotation": false,
    "enabledContactListener": true,
    "bullet": false,
    "_id": "efnQJGrOxPSoi95X5VaMMG"
  },
  {
    "__type__": "cc.PhysicsCircleCollider",
    "_name": "",
    "_objFlags": 0,
    "node": {
      "__id__": 83
    },
    "_enabled": true,
    "tag": 0,
    "_density": 1,
    "_sensor": false,
    "_friction": 0.2,
    "_restitution": 1,
    "body": null,
    "_offset": {
      "__type__": "cc.Vec2",
      "x": 0,
      "y": 0
    },
    "_radius": 9.01,
    "_id": "b0s+zGnDlKuruEhoY9vO2T"
  },
  {
    "__type__": "8e5a951gtBPspi1REoZiBnG",
    "_name": "",
    "_objFlags": 0,
    "node": {
      "__id__": 83
    },
    "_enabled": true,
    "value": 1,
    "_id": "39uU8NBN9LCLbBmEVfuxiA"
  },
  {
    "__type__": "cc.Node",
    "_name": "24",
    "_objFlags": 0,
    "_parent": {
      "__id__": 37
    },
    "_children": [],
    "_active": true,
    "_level": 3,
    "_components": [
      {
        "__id__": 89
      },
      {
        "__id__": 90
      },
      {
        "__id__": 91
      },
      {
        "__id__": 92
      }
    ],
    "_prefab": null,
    "_opacity": 255,
    "_color": {
      "__type__": "cc.Color",
      "r": 255,
      "g": 255,
      "b": 255,
      "a": 255
    },
    "_contentSize": {
      "__type__": "cc.Size",
      "width": 18,
      "height": 18
    },
    "_anchorPoint": {
      "__type__": "cc.Vec2",
      "x": 0.5,
      "y": 0.5
    },
    "_position": {
      "__type__": "cc.Vec3",
      "x": -0.7,
      "y": 152,
      "z": 0
    },
    "_scale": {
      "__type__": "cc.Vec3",
      "x": 1,
      "y": 1,
      "z": 1
    },
    "_rotationX": 0,
    "_rotationY": 0,
    "_quat": {
      "__type__": "cc.Quat",
      "x": 0,
      "y": 0,
      "z": 0,
      "w": 1
    },
    "_skewX": 0,
    "_skewY": 0,
    "_zIndex": 0,
    "groupIndex": 4,
    "_id": "51zRzjOURF7pPuJagaKX9Y"
  },
  {
    "__type__": "cc.Sprite",
    "_name": "",
    "_objFlags": 0,
    "node": {
      "__id__": 88
    },
    "_enabled": true,
    "_srcBlendFactor": 770,
    "_dstBlendFactor": 771,
    "_spriteFrame": {
      "__uuid__": "379fd542-7110-4097-a46c-ce7d0e866cba"
    },
    "_type": 0,
    "_sizeMode": 0,
    "_fillType": 0,
    "_fillCenter": {
      "__type__": "cc.Vec2",
      "x": 0,
      "y": 0
    },
    "_fillStart": 0,
    "_fillRange": 0,
    "_isTrimmedMode": false,
    "_state": 0,
    "_atlas": {
      "__uuid__": "bbcf7ce8-7dba-4273-9455-cf8917e4cf0f"
    },
    "_id": "76DBVGNi9AhLVzE5LH14S8"
  },
  {
    "__type__": "cc.RigidBody",
    "_name": "",
    "_objFlags": 0,
    "node": {
      "__id__": 88
    },
    "_enabled": true,
    "_type": 2,
    "_allowSleep": true,
    "_gravityScale": 1,
    "_linearDamping": 1,
    "_angularDamping": 1,
    "_linearVelocity": {
      "__type__": "cc.Vec2",
      "x": 0,
      "y": 0
    },
    "_angularVelocity": 0,
    "_fixedRotation": false,
    "enabledContactListener": true,
    "bullet": false,
    "_id": "2cm12PrUxNEquNtnrj1cAW"
  },
  {
    "__type__": "cc.PhysicsCircleCollider",
    "_name": "",
    "_objFlags": 0,
    "node": {
      "__id__": 88
    },
    "_enabled": true,
    "tag": 0,
    "_density": 1,
    "_sensor": false,
    "_friction": 0.2,
    "_restitution": 1,
    "body": null,
    "_offset": {
      "__type__": "cc.Vec2",
      "x": 0,
      "y": 0
    },
    "_radius": 9.01,
    "_id": "06lvkOKtBAXYCAOh/6Kzni"
  },
  {
    "__type__": "8e5a951gtBPspi1REoZiBnG",
    "_name": "",
    "_objFlags": 0,
    "node": {
      "__id__": 88
    },
    "_enabled": true,
    "value": 1,
    "_id": "f5eSufzdZGUYAIVlnr1Dpb"
  },
  {
    "__type__": "cc.Node",
    "_name": "31",
    "_objFlags": 0,
    "_parent": {
      "__id__": 37
    },
    "_children": [],
    "_active": true,
    "_level": 3,
    "_components": [
      {
        "__id__": 94
      },
      {
        "__id__": 95
      },
      {
        "__id__": 96
      },
      {
        "__id__": 97
      }
    ],
    "_prefab": null,
    "_opacity": 255,
    "_color": {
      "__type__": "cc.Color",
      "r": 255,
      "g": 255,
      "b": 255,
      "a": 255
    },
    "_contentSize": {
      "__type__": "cc.Size",
      "width": 18,
      "height": 18
    },
    "_anchorPoint": {
      "__type__": "cc.Vec2",
      "x": 0.5,
      "y": 0.5
    },
    "_position": {
      "__type__": "cc.Vec3",
      "x": 18.3,
      "y": 152,
      "z": 0
    },
    "_scale": {
      "__type__": "cc.Vec3",
      "x": 1,
      "y": 1,
      "z": 1
    },
    "_rotationX": 0,
    "_rotationY": 0,
    "_quat": {
      "__type__": "cc.Quat",
      "x": 0,
      "y": 0,
      "z": 0,
      "w": 1
    },
    "_skewX": 0,
    "_skewY": 0,
    "_zIndex": 0,
    "groupIndex": 4,
    "_id": "59LAcllzxBHoisLjAxS1eh"
  },
  {
    "__type__": "cc.Sprite",
    "_name": "",
    "_objFlags": 0,
    "node": {
      "__id__": 93
    },
    "_enabled": true,
    "_srcBlendFactor": 770,
    "_dstBlendFactor": 771,
    "_spriteFrame": {
      "__uuid__": "52a505ea-08dc-4a1c-b59f-1943a22fe440"
    },
    "_type": 0,
    "_sizeMode": 0,
    "_fillType": 0,
    "_fillCenter": {
      "__type__": "cc.Vec2",
      "x": 0,
      "y": 0
    },
    "_fillStart": 0,
    "_fillRange": 0,
    "_isTrimmedMode": false,
    "_state": 0,
    "_atlas": {
      "__uuid__": "bbcf7ce8-7dba-4273-9455-cf8917e4cf0f"
    },
    "_id": "47mdxzsLNA8LMiDcKuYZE0"
  },
  {
    "__type__": "cc.RigidBody",
    "_name": "",
    "_objFlags": 0,
    "node": {
      "__id__": 93
    },
    "_enabled": true,
    "_type": 2,
    "_allowSleep": true,
    "_gravityScale": 1,
    "_linearDamping": 1,
    "_angularDamping": 1,
    "_linearVelocity": {
      "__type__": "cc.Vec2",
      "x": 0,
      "y": 0
    },
    "_angularVelocity": 0,
    "_fixedRotation": false,
    "enabledContactListener": true,
    "bullet": false,
    "_id": "eek7pe3plFPpZJw9giA8dP"
  },
  {
    "__type__": "cc.PhysicsCircleCollider",
    "_name": "",
    "_objFlags": 0,
    "node": {
      "__id__": 93
    },
    "_enabled": true,
    "tag": 0,
    "_density": 1,
    "_sensor": false,
    "_friction": 0.2,
    "_restitution": 1,
    "body": null,
    "_offset": {
      "__type__": "cc.Vec2",
      "x": 0,
      "y": 0
    },
    "_radius": 9.01,
    "_id": "f2WgFLSiBPpJcgC0xKZl2P"
  },
  {
    "__type__": "8e5a951gtBPspi1REoZiBnG",
    "_name": "",
    "_objFlags": 0,
    "node": {
      "__id__": 93
    },
    "_enabled": true,
    "value": 1,
    "_id": "d3ZS4qzPhIFZ0daiJaytAM"
  },
  {
    "__type__": "cc.Node",
    "_name": "33",
    "_objFlags": 0,
    "_parent": {
      "__id__": 37
    },
    "_children": [],
    "_active": true,
    "_level": 3,
    "_components": [
      {
        "__id__": 99
      },
      {
        "__id__": 100
      },
      {
        "__id__": 101
      },
      {
        "__id__": 102
      }
    ],
    "_prefab": null,
    "_opacity": 255,
    "_color": {
      "__type__": "cc.Color",
      "r": 255,
      "g": 255,
      "b": 255,
      "a": 255
    },
    "_contentSize": {
      "__type__": "cc.Size",
      "width": 18,
      "height": 18
    },
    "_anchorPoint": {
      "__type__": "cc.Vec2",
      "x": 0.5,
      "y": 0.5
    },
    "_position": {
      "__type__": "cc.Vec3",
      "x": -19.7,
      "y": 152,
      "z": 0
    },
    "_scale": {
      "__type__": "cc.Vec3",
      "x": 1,
      "y": 1,
      "z": 1
    },
    "_rotationX": 0,
    "_rotationY": 0,
    "_quat": {
      "__type__": "cc.Quat",
      "x": 0,
      "y": 0,
      "z": 0,
      "w": 1
    },
    "_skewX": 0,
    "_skewY": 0,
    "_zIndex": 0,
    "groupIndex": 4,
    "_id": "baz7Av1mJFx5oQj9eWz4y7"
  },
  {
    "__type__": "cc.Sprite",
    "_name": "",
    "_objFlags": 0,
    "node": {
      "__id__": 98
    },
    "_enabled": true,
    "_srcBlendFactor": 770,
    "_dstBlendFactor": 771,
    "_spriteFrame": {
      "__uuid__": "87412422-71d1-41c7-9acd-167c1cf4461c"
    },
    "_type": 0,
    "_sizeMode": 0,
    "_fillType": 0,
    "_fillCenter": {
      "__type__": "cc.Vec2",
      "x": 0,
      "y": 0
    },
    "_fillStart": 0,
    "_fillRange": 0,
    "_isTrimmedMode": false,
    "_state": 0,
    "_atlas": {
      "__uuid__": "bbcf7ce8-7dba-4273-9455-cf8917e4cf0f"
    },
    "_id": "7emei16UtF0ZyA8dBOo7Sp"
  },
  {
    "__type__": "cc.RigidBody",
    "_name": "",
    "_objFlags": 0,
    "node": {
      "__id__": 98
    },
    "_enabled": true,
    "_type": 2,
    "_allowSleep": true,
    "_gravityScale": 1,
    "_linearDamping": 1,
    "_angularDamping": 1,
    "_linearVelocity": {
      "__type__": "cc.Vec2",
      "x": 0,
      "y": 0
    },
    "_angularVelocity": 0,
    "_fixedRotation": false,
    "enabledContactListener": true,
    "bullet": false,
    "_id": "66lNs5l9RK/JGbVH5gqodw"
  },
  {
    "__type__": "cc.PhysicsCircleCollider",
    "_name": "",
    "_objFlags": 0,
    "node": {
      "__id__": 98
    },
    "_enabled": true,
    "tag": 0,
    "_density": 1,
    "_sensor": false,
    "_friction": 0.2,
    "_restitution": 1,
    "body": null,
    "_offset": {
      "__type__": "cc.Vec2",
      "x": 0,
      "y": 0
    },
    "_radius": 9.01,
    "_id": "44LB5kAhZDwq/fOqPShwsM"
  },
  {
    "__type__": "8e5a951gtBPspi1REoZiBnG",
    "_name": "",
    "_objFlags": 0,
    "node": {
      "__id__": 98
    },
    "_enabled": true,
    "value": 1,
    "_id": "b3WOxDcD5FsKMAHAzg+jBz"
  },
  {
    "__type__": "cc.Node",
    "_name": "32",
    "_objFlags": 0,
    "_parent": {
      "__id__": 37
    },
    "_children": [],
    "_active": true,
    "_level": 3,
    "_components": [
      {
        "__id__": 104
      },
      {
        "__id__": 105
      },
      {
        "__id__": 106
      },
      {
        "__id__": 107
      }
    ],
    "_prefab": null,
    "_opacity": 255,
    "_color": {
      "__type__": "cc.Color",
      "r": 255,
      "g": 255,
      "b": 255,
      "a": 255
    },
    "_contentSize": {
      "__type__": "cc.Size",
      "width": 18,
      "height": 18
    },
    "_anchorPoint": {
      "__type__": "cc.Vec2",
      "x": 0.5,
      "y": 0.5
    },
    "_position": {
      "__type__": "cc.Vec3",
      "x": -38.7,
      "y": 152,
      "z": 0
    },
    "_scale": {
      "__type__": "cc.Vec3",
      "x": 1,
      "y": 1,
      "z": 1
    },
    "_rotationX": 0,
    "_rotationY": 0,
    "_quat": {
      "__type__": "cc.Quat",
      "x": 0,
      "y": 0,
      "z": 0,
      "w": 1
    },
    "_skewX": 0,
    "_skewY": 0,
    "_zIndex": 0,
    "groupIndex": 4,
    "_id": "78Fv9nnu9CbZ8XXSo6xKgg"
  },
  {
    "__type__": "cc.Sprite",
    "_name": "",
    "_objFlags": 0,
    "node": {
      "__id__": 103
    },
    "_enabled": true,
    "_srcBlendFactor": 770,
    "_dstBlendFactor": 771,
    "_spriteFrame": {
      "__uuid__": "877cb86b-29b7-47b5-b6e8-852a12e03833"
    },
    "_type": 0,
    "_sizeMode": 0,
    "_fillType": 0,
    "_fillCenter": {
      "__type__": "cc.Vec2",
      "x": 0,
      "y": 0
    },
    "_fillStart": 0,
    "_fillRange": 0,
    "_isTrimmedMode": false,
    "_state": 0,
    "_atlas": {
      "__uuid__": "bbcf7ce8-7dba-4273-9455-cf8917e4cf0f"
    },
    "_id": "91lWDIe3BGsayOdfS9hmSn"
  },
  {
    "__type__": "cc.RigidBody",
    "_name": "",
    "_objFlags": 0,
    "node": {
      "__id__": 103
    },
    "_enabled": true,
    "_type": 2,
    "_allowSleep": true,
    "_gravityScale": 1,
    "_linearDamping": 1,
    "_angularDamping": 1,
    "_linearVelocity": {
      "__type__": "cc.Vec2",
      "x": 0,
      "y": 0
    },
    "_angularVelocity": 0,
    "_fixedRotation": false,
    "enabledContactListener": true,
    "bullet": false,
    "_id": "49o7WtwclPi6nvjvkS5bcM"
  },
  {
    "__type__": "cc.PhysicsCircleCollider",
    "_name": "",
    "_objFlags": 0,
    "node": {
      "__id__": 103
    },
    "_enabled": true,
    "tag": 0,
    "_density": 1,
    "_sensor": false,
    "_friction": 0.2,
    "_restitution": 1,
    "body": null,
    "_offset": {
      "__type__": "cc.Vec2",
      "x": 0,
      "y": 0
    },
    "_radius": 9.01,
    "_id": "04JQOSTVFEo6y2sTjVwBMA"
  },
  {
    "__type__": "8e5a951gtBPspi1REoZiBnG",
    "_name": "",
    "_objFlags": 0,
    "node": {
      "__id__": 103
    },
    "_enabled": true,
    "value": 1,
    "_id": "e951XfFb5HRL7woQXC1yoO"
  },
  {
    "__type__": "cc.Node",
    "_name": "30",
    "_objFlags": 0,
    "_parent": {
      "__id__": 37
    },
    "_children": [],
    "_active": true,
    "_level": 3,
    "_components": [
      {
        "__id__": 109
      },
      {
        "__id__": 110
      },
      {
        "__id__": 111
      },
      {
        "__id__": 112
      }
    ],
    "_prefab": null,
    "_opacity": 255,
    "_color": {
      "__type__": "cc.Color",
      "r": 255,
      "g": 255,
      "b": 255,
      "a": 255
    },
    "_contentSize": {
      "__type__": "cc.Size",
      "width": 18,
      "height": 18
    },
    "_anchorPoint": {
      "__type__": "cc.Vec2",
      "x": 0.5,
      "y": 0.5
    },
    "_position": {
      "__type__": "cc.Vec3",
      "x": 37.3,
      "y": 152,
      "z": 0
    },
    "_scale": {
      "__type__": "cc.Vec3",
      "x": 1,
      "y": 1,
      "z": 1
    },
    "_rotationX": 0,
    "_rotationY": 0,
    "_quat": {
      "__type__": "cc.Quat",
      "x": 0,
      "y": 0,
      "z": 0,
      "w": 1
    },
    "_skewX": 0,
    "_skewY": 0,
    "_zIndex": 0,
    "groupIndex": 4,
    "_id": "9f8Y9tcdBEQ7FEojd5aVvV"
  },
  {
    "__type__": "cc.Sprite",
    "_name": "",
    "_objFlags": 0,
    "node": {
      "__id__": 108
    },
    "_enabled": true,
    "_srcBlendFactor": 770,
    "_dstBlendFactor": 771,
    "_spriteFrame": {
      "__uuid__": "6aedac66-6a45-4442-b2f9-4dcad943fc11"
    },
    "_type": 0,
    "_sizeMode": 0,
    "_fillType": 0,
    "_fillCenter": {
      "__type__": "cc.Vec2",
      "x": 0,
      "y": 0
    },
    "_fillStart": 0,
    "_fillRange": 0,
    "_isTrimmedMode": false,
    "_state": 0,
    "_atlas": {
      "__uuid__": "bbcf7ce8-7dba-4273-9455-cf8917e4cf0f"
    },
    "_id": "92tG/s2FdAZaR5R9Z0Q6U/"
  },
  {
    "__type__": "cc.RigidBody",
    "_name": "",
    "_objFlags": 0,
    "node": {
      "__id__": 108
    },
    "_enabled": true,
    "_type": 2,
    "_allowSleep": true,
    "_gravityScale": 1,
    "_linearDamping": 1,
    "_angularDamping": 1,
    "_linearVelocity": {
      "__type__": "cc.Vec2",
      "x": 0,
      "y": 0
    },
    "_angularVelocity": 0,
    "_fixedRotation": false,
    "enabledContactListener": true,
    "bullet": false,
    "_id": "daGWDO1/VDyqIx3Tv2AKIC"
  },
  {
    "__type__": "cc.PhysicsCircleCollider",
    "_name": "",
    "_objFlags": 0,
    "node": {
      "__id__": 108
    },
    "_enabled": true,
    "tag": 0,
    "_density": 1,
    "_sensor": false,
    "_friction": 0.2,
    "_restitution": 1,
    "body": null,
    "_offset": {
      "__type__": "cc.Vec2",
      "x": 0,
      "y": 0
    },
    "_radius": 9.01,
    "_id": "433doG6DpMJ7A9V6ZqAMOG"
  },
  {
    "__type__": "8e5a951gtBPspi1REoZiBnG",
    "_name": "",
    "_objFlags": 0,
    "node": {
      "__id__": 108
    },
    "_enabled": true,
    "value": 1,
    "_id": "8dsvTbq5JPc7oK2yqp+M9T"
  },
  {
    "__type__": "cc.Node",
    "_name": "white_ball",
    "_objFlags": 0,
    "_parent": {
      "__id__": 2
    },
    "_children": [],
    "_active": true,
    "_level": 2,
    "_components": [
      {
        "__id__": 114
      },
      {
        "__id__": 115
      },
      {
        "__id__": 116
      },
      {
        "__id__": 117
      }
    ],
    "_prefab": null,
    "_opacity": 255,
    "_color": {
      "__type__": "cc.Color",
      "r": 255,
      "g": 255,
      "b": 255,
      "a": 255
    },
    "_contentSize": {
      "__type__": "cc.Size",
      "width": 18,
      "height": 18
    },
    "_anchorPoint": {
      "__type__": "cc.Vec2",
      "x": 0.5,
      "y": 0.5
    },
    "_position": {
      "__type__": "cc.Vec3",
      "x": 0,
      "y": -142.5,
      "z": 0
    },
    "_scale": {
      "__type__": "cc.Vec3",
      "x": 1,
      "y": 1,
      "z": 1
    },
    "_rotationX": 0,
    "_rotationY": 0,
    "_quat": {
      "__type__": "cc.Quat",
      "x": 0,
      "y": 0,
      "z": 0,
      "w": 1
    },
    "_skewX": 0,
    "_skewY": 0,
    "_zIndex": 0,
    "groupIndex": 5,
    "_id": "05bGV+y21J9ro8niS1Ituf"
  },
  {
    "__type__": "cc.Sprite",
    "_name": "",
    "_objFlags": 0,
    "node": {
      "__id__": 113
    },
    "_enabled": true,
    "_srcBlendFactor": 770,
    "_dstBlendFactor": 771,
    "_spriteFrame": {
      "__uuid__": "23794fee-6976-4e53-a3c6-7898859cce4d"
    },
    "_type": 0,
    "_sizeMode": 0,
    "_fillType": 0,
    "_fillCenter": {
      "__type__": "cc.Vec2",
      "x": 0,
      "y": 0
    },
    "_fillStart": 0,
    "_fillRange": 0,
    "_isTrimmedMode": true,
    "_state": 0,
    "_atlas": {
      "__uuid__": "c0dfe0bd-ad3c-446a-89a0-9e6e8d58daf2"
    },
    "_id": "59CPRZw91Dj66rmtBvP6KR"
  },
  {
    "__type__": "cc.RigidBody",
    "_name": "",
    "_objFlags": 0,
    "node": {
      "__id__": 113
    },
    "_enabled": true,
    "_type": 2,
    "_allowSleep": true,
    "_gravityScale": 1,
    "_linearDamping": 1,
    "_angularDamping": 1,
    "_linearVelocity": {
      "__type__": "cc.Vec2",
      "x": 0,
      "y": 0
    },
    "_angularVelocity": 0,
    "_fixedRotation": false,
    "enabledContactListener": true,
    "bullet": false,
    "_id": "062gjJnftF9quhdM6HW3l7"
  },
  {
    "__type__": "cc.PhysicsCircleCollider",
    "_name": "",
    "_objFlags": 0,
    "node": {
      "__id__": 113
    },
    "_enabled": true,
    "tag": 0,
    "_density": 1,
    "_sensor": false,
    "_friction": 0.2,
    "_restitution": 1,
    "body": null,
    "_offset": {
      "__type__": "cc.Vec2",
      "x": 0,
      "y": 0
    },
    "_radius": 9.01,
    "_id": "1aVPGGkapFzZfzAuSYgx+4"
  },
  {
    "__type__": "8dc03J6+c1GG61p5cCjoGis",
    "_name": "",
    "_objFlags": 0,
    "node": {
      "__id__": 113
    },
    "_enabled": true,
    "cue": {
      "__id__": 118
    },
    "min_dis": 20,
    "_id": "958IyhnoNIJIE6Jiy6v0dz"
  },
  {
    "__type__": "cc.Node",
    "_name": "cue",
    "_objFlags": 0,
    "_parent": {
      "__id__": 2
    },
    "_children": [],
    "_active": true,
    "_level": 2,
    "_components": [
      {
        "__id__": 119
      },
      {
        "__id__": 120
      },
      {
        "__id__": 121
      },
      {
        "__id__": 122
      }
    ],
    "_prefab": null,
    "_opacity": 255,
    "_color": {
      "__type__": "cc.Color",
      "r": 255,
      "g": 255,
      "b": 255,
      "a": 255
    },
    "_contentSize": {
      "__type__": "cc.Size",
      "width": 332,
      "height": 9
    },
    "_anchorPoint": {
      "__type__": "cc.Vec2",
      "x": 0.5,
      "y": 0.5
    },
    "_position": {
      "__type__": "cc.Vec3",
      "x": 0,
      "y": -378,
      "z": 0
    },
    "_scale": {
      "__type__": "cc.Vec3",
      "x": 1,
      "y": 1,
      "z": 1
    },
    "_rotationX": 0,
    "_rotationY": 0,
    "_quat": {
      "__type__": "cc.Quat",
      "x": 0,
      "y": 0,
      "z": 0,
      "w": 1
    },
    "_skewX": 0,
    "_skewY": 0,
    "_zIndex": 0,
    "groupIndex": 3,
    "_id": "614aDlhbxIppHkReTCkGEx"
  },
  {
    "__type__": "cc.Sprite",
    "_name": "",
    "_objFlags": 0,
    "node": {
      "__id__": 118
    },
    "_enabled": true,
    "_srcBlendFactor": 770,
    "_dstBlendFactor": 771,
    "_spriteFrame": {
      "__uuid__": "71f3a5a9-01e2-457c-bcb5-bb1d25d4b24c"
    },
    "_type": 0,
    "_sizeMode": 0,
    "_fillType": 0,
    "_fillCenter": {
      "__type__": "cc.Vec2",
      "x": 0,
      "y": 0
    },
    "_fillStart": 0,
    "_fillRange": 0,
    "_isTrimmedMode": true,
    "_state": 0,
    "_atlas": {
      "__uuid__": "c0dfe0bd-ad3c-446a-89a0-9e6e8d58daf2"
    },
    "_id": "99lY6zMSVEXqAV4UngXOFp"
  },
  {
    "__type__": "6b904UVUEJAtrUnEbS3p40k",
    "_name": "",
    "_objFlags": 0,
    "node": {
      "__id__": 118
    },
    "_enabled": true,
    "SHOOT_POWER": 18,
    "_id": "f6y1Tr71dHAK6Z+zKfussX"
  },
  {
    "__type__": "cc.RigidBody",
    "_name": "",
    "_objFlags": 0,
    "node": {
      "__id__": 118
    },
    "_enabled": true,
    "_type": 2,
    "_allowSleep": true,
    "_gravityScale": 1,
    "_linearDamping": 0,
    "_angularDamping": 0,
    "_linearVelocity": {
      "__type__": "cc.Vec2",
      "x": 0,
      "y": 0
    },
    "_angularVelocity": 0,
    "_fixedRotation": false,
    "enabledContactListener": true,
    "bullet": false,
    "_id": "e7iKc8tHVL7rP/AgBAn6iT"
  },
  {
    "__type__": "cc.PhysicsBoxCollider",
    "_name": "",
    "_objFlags": 0,
    "node": {
      "__id__": 118
    },
    "_enabled": true,
    "tag": 0,
    "_density": 1,
    "_sensor": false,
    "_friction": 0.2,
    "_restitution": 0,
    "body": null,
    "_offset": {
      "__type__": "cc.Vec2",
      "x": 0,
      "y": 0
    },
    "_size": {
      "__type__": "cc.Size",
      "width": 332,
      "height": 9
    },
    "_id": "0bgXADFCRL7LPn014qa0AM"
  },
  {
    "__type__": "cc.Node",
    "_name": "New Button",
    "_objFlags": 0,
    "_parent": {
      "__id__": 2
    },
    "_children": [
      {
        "__id__": 124
      }
    ],
    "_active": true,
    "_level": 2,
    "_components": [
      {
        "__id__": 126
      },
      {
        "__id__": 127
      },
      {
        "__id__": 129
      }
    ],
    "_prefab": null,
    "_opacity": 255,
    "_color": {
      "__type__": "cc.Color",
      "r": 255,
      "g": 255,
      "b": 255,
      "a": 255
    },
    "_contentSize": {
      "__type__": "cc.Size",
      "width": 100,
      "height": 40
    },
    "_anchorPoint": {
      "__type__": "cc.Vec2",
      "x": 0.5,
      "y": 0.5
    },
    "_position": {
      "__type__": "cc.Vec3",
      "x": 0,
      "y": -348,
      "z": 0
    },
    "_scale": {
      "__type__": "cc.Vec3",
      "x": 1,
      "y": 1,
      "z": 1
    },
    "_rotationX": 0,
    "_rotationY": 0,
    "_quat": {
      "__type__": "cc.Quat",
      "x": 0,
      "y": 0,
      "z": 0,
      "w": 1
    },
    "_skewX": 0,
    "_skewY": 0,
    "_zIndex": 0,
    "groupIndex": 0,
    "_id": "c9z0Ffn+9IGKTs91vhkCLk"
  },
  {
    "__type__": "cc.Node",
    "_name": "Label",
    "_objFlags": 0,
    "_parent": {
      "__id__": 123
    },
    "_children": [],
    "_active": true,
    "_level": 0,
    "_components": [
      {
        "__id__": 125
      }
    ],
    "_prefab": null,
    "_opacity": 255,
    "_color": {
      "__type__": "cc.Color",
      "r": 0,
      "g": 0,
      "b": 0,
      "a": 255
    },
    "_contentSize": {
      "__type__": "cc.Size",
      "width": 100,
      "height": 40
    },
    "_anchorPoint": {
      "__type__": "cc.Vec2",
      "x": 0.5,
      "y": 0.5
    },
    "_position": {
      "__type__": "cc.Vec3",
      "x": 0,
      "y": 0,
      "z": 0
    },
    "_scale": {
      "__type__": "cc.Vec3",
      "x": 1,
      "y": 1,
      "z": 1
    },
    "_rotationX": 0,
    "_rotationY": 0,
    "_quat": {
      "__type__": "cc.Quat",
      "x": 0,
      "y": 0,
      "z": 0,
      "w": 1
    },
    "_skewX": 0,
    "_skewY": 0,
    "_zIndex": 0,
    "groupIndex": 0,
    "_id": "e40+hcTZFPxL6CSft5RxpC"
  },
  {
    "__type__": "cc.Label",
    "_name": "",
    "_objFlags": 0,
    "node": {
      "__id__": 124
    },
    "_enabled": true,
    "_srcBlendFactor": 1,
    "_dstBlendFactor": 771,
    "_useOriginalSize": false,
    "_string": "重新开始",
    "_N$string": "重新开始",
    "_fontSize": 20,
    "_lineHeight": 40,
    "_enableWrapText": false,
    "_N$file": null,
    "_isSystemFontUsed": true,
    "_spacingX": 0,
    "_N$horizontalAlign": 1,
    "_N$verticalAlign": 1,
    "_N$fontFamily": "Arial",
    "_N$overflow": 1,
    "_id": "66oIn4lYZOUatqWFv17jJv"
  },
  {
    "__type__": "cc.Sprite",
    "_name": "",
    "_objFlags": 0,
    "node": {
      "__id__": 123
    },
    "_enabled": true,
    "_srcBlendFactor": 770,
    "_dstBlendFactor": 771,
    "_spriteFrame": {
      "__uuid__": "f0048c10-f03e-4c97-b9d3-3506e1d58952"
    },
    "_type": 1,
    "_sizeMode": 0,
    "_fillType": 0,
    "_fillCenter": {
      "__type__": "cc.Vec2",
      "x": 0,
      "y": 0
    },
    "_fillStart": 0,
    "_fillRange": 0,
    "_isTrimmedMode": true,
    "_state": 0,
    "_atlas": null,
    "_id": "81/EZxXkNHyoSBzY4nPAN3"
  },
  {
    "__type__": "cc.Button",
    "_name": "",
    "_objFlags": 0,
    "node": {
      "__id__": 123
    },
    "_enabled": true,
    "transition": 2,
    "pressedColor": {
      "__type__": "cc.Color",
      "r": 255,
      "g": 255,
      "b": 255,
      "a": 255
    },
    "hoverColor": {
      "__type__": "cc.Color",
      "r": 255,
      "g": 255,
      "b": 255,
      "a": 255
    },
    "duration": 0.1,
    "zoomScale": 1.2,
    "clickEvents": [
      {
        "__id__": 128
      }
    ],
    "_N$interactable": true,
    "_N$enableAutoGrayEffect": false,
    "_N$normalColor": {
      "__type__": "cc.Color",
      "r": 255,
      "g": 255,
      "b": 255,
      "a": 255
    },
    "_N$disabledColor": {
      "__type__": "cc.Color",
      "r": 255,
      "g": 255,
      "b": 255,
      "a": 255
    },
    "_N$normalSprite": {
      "__uuid__": "f0048c10-f03e-4c97-b9d3-3506e1d58952"
    },
    "_N$pressedSprite": {
      "__uuid__": "e9ec654c-97a2-4787-9325-e6a10375219a"
    },
    "pressedSprite": {
      "__uuid__": "e9ec654c-97a2-4787-9325-e6a10375219a"
    },
    "_N$hoverSprite": {
      "__uuid__": "f0048c10-f03e-4c97-b9d3-3506e1d58952"
    },
    "hoverSprite": {
      "__uuid__": "f0048c10-f03e-4c97-b9d3-3506e1d58952"
    },
    "_N$disabledSprite": {
      "__uuid__": "29158224-f8dd-4661-a796-1ffab537140e"
    },
    "_N$target": {
      "__id__": 123
    },
    "_id": "46NN8s6UNEsIUGh1hf4ULq"
  },
  {
    "__type__": "cc.ClickEvent",
    "target": {
      "__id__": 2
    },
    "component": "game_sence",
    "handler": "restart_game",
    "customEventData": ""
  },
  {
    "__type__": "cc.Widget",
    "_name": "",
    "_objFlags": 0,
    "node": {
      "__id__": 123
    },
    "_enabled": true,
    "alignMode": 1,
    "_target": null,
    "_alignFlags": 20,
    "_left": 0,
    "_right": 0,
    "_top": 0,
    "_bottom": 0,
    "_verticalCenter": 0,
    "_horizontalCenter": 0,
    "_isAbsLeft": true,
    "_isAbsRight": true,
    "_isAbsTop": true,
    "_isAbsBottom": true,
    "_isAbsHorizontalCenter": true,
    "_isAbsVerticalCenter": true,
    "_originalWidth": 0,
    "_originalHeight": 0,
    "_id": "4e+oopbrtLIoukilqMiN5X"
  },
  {
    "__type__": "cc.Canvas",
    "_name": "",
    "_objFlags": 0,
    "node": {
      "__id__": 2
    },
    "_enabled": true,
    "_designResolution": {
      "__type__": "cc.Size",
      "width": 414,
      "height": 736
    },
    "_fitWidth": true,
    "_fitHeight": true,
    "_id": "c2N/9At5ZPhJq03776c3fX"
  },
  {
    "__type__": "01e96P9YHNMH4H9irR9AUVj",
    "_name": "",
    "_objFlags": 0,
    "node": {
      "__id__": 2
    },
    "_enabled": true,
    "is_debug": false,
    "gravity": {
      "__type__": "cc.Vec2",
      "x": 0,
      "y": 0
    },
    "_id": "adiw1DEhpGG42qhTjanNfa"
  },
  {
    "__type__": "191a3bGY85DPY6eCVqswLkN",
    "_name": "",
    "_objFlags": 0,
    "node": {
      "__id__": 2
    },
    "_enabled": true,
    "ball_root": {
      "__id__": 37
    },
    "white_ball": {
      "__id__": 113
    },
    "_id": "bbqfPk4BJJZqo+1bXbZ6pU"
  }
]